,date,city,precipitation
0,2018-01-01,STL,0.0
1,2018-01-02,STL,0.0
2,2018-01-03,STL,0.0
3,2018-01-04,STL,0.0
4,2018-01-05,STL,0.0
5,2018-01-06,STL,0.0
6,2018-01-07,STL,0.35
7,2018-01-08,STL,0.0
8,2018-01-09,STL,0.0
9,2018-01-10,STL,0.0
10,2018-01-11,STL,0.04
11,2018-01-12,STL,0.0
12,2018-01-13,STL,0.0
13,2018-01-14,STL,0.01
14,2018-01-15,STL,0.06
15,2018-01-16,STL,0.0
16,2018-01-17,STL,0.0
17,2018-01-18,STL,0.0
18,2018-01-19,STL,0.0
19,2018-01-20,STL,0.0
20,2018-01-21,STL,0.0
21,2018-01-22,STL,0.76
22,2018-01-23,STL,0.01
23,2018-01-24,STL,0.0
24,2018-01-25,STL,0.0
25,2018-01-26,STL,0.0
26,2018-01-27,STL,0.0
27,2018-01-28,STL,0.0
28,2018-01-29,STL,0.0
29,2018-01-30,STL,0.0
30,2018-01-31,STL,0.0
31,2018-02-01,STL,0.0
32,2018-02-02,STL,0.0
33,2018-02-03,STL,0.0
34,2018-02-04,STL,0.01
35,2018-02-05,STL,0.0
36,2018-02-06,STL,0.0
37,2018-02-07,STL,0.0
38,2018-02-08,STL,0.0
39,2018-02-09,STL,0.0
40,2018-02-10,STL,0.03
41,2018-02-11,STL,0.0
42,2018-02-12,STL,0.0
43,2018-02-13,STL,0.0
44,2018-02-14,STL,0.13
45,2018-02-15,STL,0.26
46,2018-02-16,STL,0.0
47,2018-02-17,STL,0.1
48,2018-02-18,STL,0.0
49,2018-02-19,STL,0.89
50,2018-02-20,STL,1.04
51,2018-02-21,STL,0.29
52,2018-02-22,STL,0.26
53,2018-02-23,STL,0.31
54,2018-02-24,STL,1.73
55,2018-02-25,STL,0.0
56,2018-02-26,STL,0.0
57,2018-02-27,STL,0.0
58,2018-02-28,STL,0.2
59,2018-03-01,STL,0.27
60,2018-03-02,STL,0.0
61,2018-03-03,STL,0.0
62,2018-03-04,STL,0.0
63,2018-03-05,STL,0.62
64,2018-03-06,STL,0.04
65,2018-03-07,STL,0.0
66,2018-03-08,STL,0.0
67,2018-03-09,STL,0.0
68,2018-03-10,STL,0.0
69,2018-03-11,STL,0.27
70,2018-03-12,STL,0.0
71,2018-03-13,STL,0.0
72,2018-03-14,STL,0.0
73,2018-03-15,STL,0.0
74,2018-03-16,STL,0.34
75,2018-03-17,STL,0.0
76,2018-03-18,STL,0.0
77,2018-03-19,STL,1.43
78,2018-03-20,STL,0.0
79,2018-03-21,STL,0.0
80,2018-03-22,STL,0.0
81,2018-03-23,STL,0.26
82,2018-03-24,STL,0.81
83,2018-03-25,STL,0.0
84,2018-03-26,STL,1.01
85,2018-03-27,STL,1.12
86,2018-03-28,STL,0.02
87,2018-03-29,STL,0.79
88,2018-03-30,STL,0.0
89,2018-03-31,STL,0.14
90,2018-04-01,STL,0.28
91,2018-04-02,STL,0.45
92,2018-04-03,STL,0.19
93,2018-04-04,STL,0.0
94,2018-04-05,STL,0.0
95,2018-04-06,STL,0.0
96,2018-04-07,STL,0.0
97,2018-04-08,STL,0.01
98,2018-04-09,STL,0.0
99,2018-04-10,STL,0.0
100,2018-04-11,STL,0.0
101,2018-04-12,STL,0.0
102,2018-04-13,STL,0.97
103,2018-04-14,STL,0.28
104,2018-04-15,STL,0.01
105,2018-04-16,STL,0.0
106,2018-04-17,STL,0.0
107,2018-04-18,STL,0.0
108,2018-04-19,STL,0.0
109,2018-04-20,STL,0.0
110,2018-04-21,STL,0.0
111,2018-04-22,STL,0.02
112,2018-04-23,STL,0.07
113,2018-04-24,STL,0.0
114,2018-04-25,STL,0.0
115,2018-04-26,STL,0.0
116,2018-04-27,STL,0.0
117,2018-04-28,STL,0.0
118,2018-04-29,STL,0.0
119,2018-04-30,STL,0.0
120,2018-05-01,STL,0.0
121,2018-05-02,STL,0.0
122,2018-05-03,STL,1.02
123,2018-05-04,STL,0.0
124,2018-05-05,STL,0.0
125,2018-05-06,STL,0.01
126,2018-05-07,STL,0.0
127,2018-05-08,STL,0.0
128,2018-05-09,STL,0.17
129,2018-05-10,STL,0.0
130,2018-05-11,STL,0.0
131,2018-05-12,STL,0.0
132,2018-05-13,STL,0.0
133,2018-05-14,STL,0.15
134,2018-05-15,STL,0.03
135,2018-05-16,STL,0.0
136,2018-05-17,STL,0.0
137,2018-05-18,STL,1.61
138,2018-05-19,STL,0.07
139,2018-05-20,STL,0.37
140,2018-05-21,STL,0.12
141,2018-05-22,STL,0.0
142,2018-05-23,STL,0.0
143,2018-05-24,STL,0.0
144,2018-05-25,STL,0.13
145,2018-05-26,STL,0.0
146,2018-05-27,STL,1.33
147,2018-05-28,STL,0.0
148,2018-05-29,STL,0.0
149,2018-05-30,STL,0.04
150,2018-05-31,STL,0.0
151,2018-06-01,STL,0.0
152,2018-06-02,STL,0.31
153,2018-06-03,STL,0.0
154,2018-06-04,STL,0.0
155,2018-06-05,STL,0.0
156,2018-06-06,STL,0.0
157,2018-06-07,STL,0.0
158,2018-06-08,STL,0.0
159,2018-06-09,STL,0.43
160,2018-06-10,STL,0.0
161,2018-06-11,STL,0.0
162,2018-06-12,STL,0.0
163,2018-06-13,STL,0.0
164,2018-06-14,STL,0.0
165,2018-06-15,STL,0.0
166,2018-06-16,STL,0.0
167,2018-06-17,STL,0.0
168,2018-06-18,STL,0.0
169,2018-06-19,STL,0.03
170,2018-06-20,STL,0.92
171,2018-06-21,STL,0.01
172,2018-06-22,STL,0.37
173,2018-06-23,STL,0.0
174,2018-06-24,STL,0.0
175,2018-06-25,STL,0.0
176,2018-06-26,STL,0.82
177,2018-06-27,STL,0.0
178,2018-06-28,STL,0.2
179,2018-06-29,STL,0.0
180,2018-06-30,STL,0.0
181,2018-07-01,STL,0.59
182,2018-07-02,STL,0.0
183,2018-07-03,STL,0.05
184,2018-07-04,STL,0.0
185,2018-07-05,STL,0.0
186,2018-07-06,STL,0.0
187,2018-07-07,STL,0.0
188,2018-07-08,STL,0.0
189,2018-07-09,STL,0.25
190,2018-07-10,STL,0.0
191,2018-07-11,STL,0.0
192,2018-07-12,STL,0.0
193,2018-07-13,STL,0.0
194,2018-07-14,STL,0.28
195,2018-07-15,STL,0.0
196,2018-07-16,STL,0.0
197,2018-07-17,STL,0.0
198,2018-07-18,STL,0.0
199,2018-07-19,STL,0.02
200,2018-07-20,STL,0.0
201,2018-07-21,STL,0.0
202,2018-07-22,STL,0.0
203,2018-07-23,STL,0.0
204,2018-07-24,STL,0.0
205,2018-07-25,STL,0.0
206,2018-07-26,STL,0.0
207,2018-07-27,STL,0.0
208,2018-07-28,STL,0.0
209,2018-07-29,STL,0.2
210,2018-07-30,STL,0.01
211,2018-07-31,STL,0.6
212,2018-08-01,STL,0.0
213,2018-08-02,STL,0.19
214,2018-08-03,STL,0.0
215,2018-08-04,STL,0.0
216,2018-08-05,STL,0.0
217,2018-08-06,STL,0.0
218,2018-08-07,STL,0.46
219,2018-08-08,STL,0.0
220,2018-08-09,STL,0.0
221,2018-08-10,STL,0.98
222,2018-08-11,STL,0.0
223,2018-08-12,STL,0.0
224,2018-08-13,STL,0.0
225,2018-08-14,STL,0.05
226,2018-08-15,STL,0.45
227,2018-08-16,STL,0.0
228,2018-08-17,STL,0.0
229,2018-08-18,STL,0.0
230,2018-08-19,STL,0.01
231,2018-08-20,STL,0.75
232,2018-08-21,STL,0.02
233,2018-08-22,STL,0.0
234,2018-08-23,STL,0.0
235,2018-08-24,STL,1.12
236,2018-08-25,STL,0.0
237,2018-08-26,STL,0.0
238,2018-08-27,STL,0.0
239,2018-08-28,STL,0.0
240,2018-08-29,STL,0.61
241,2018-08-30,STL,0.0
242,2018-08-31,STL,0.02
243,2018-09-01,STL,0.0
244,2018-09-02,STL,0.0
245,2018-09-03,STL,0.0
246,2018-09-04,STL,0.0
247,2018-09-05,STL,0.0
248,2018-09-06,STL,0.0
249,2018-09-07,STL,0.66
250,2018-09-08,STL,0.92
251,2018-09-09,STL,0.02
252,2018-09-10,STL,0.0
253,2018-09-11,STL,0.0
254,2018-09-12,STL,0.0
255,2018-09-13,STL,0.0
256,2018-09-14,STL,0.0
257,2018-09-15,STL,0.0
258,2018-09-16,STL,0.0
259,2018-09-17,STL,0.0
260,2018-09-18,STL,0.0
261,2018-09-19,STL,0.0
262,2018-09-20,STL,0.0
263,2018-09-21,STL,0.05
264,2018-09-22,STL,0.0
265,2018-09-23,STL,0.0
266,2018-09-24,STL,0.0
267,2018-09-25,STL,0.0
268,2018-09-26,STL,0.35
269,2018-09-27,STL,0.0
270,2018-09-28,STL,0.0
271,2018-09-29,STL,0.0
272,2018-09-30,STL,0.0
273,2018-10-01,STL,0.0
274,2018-10-02,STL,0.0
275,2018-10-03,STL,0.0
276,2018-10-04,STL,0.07
277,2018-10-05,STL,0.0
278,2018-10-06,STL,0.68
279,2018-10-07,STL,0.5
280,2018-10-08,STL,0.0
281,2018-10-09,STL,0.0
282,2018-10-10,STL,0.1
283,2018-10-11,STL,0.0
284,2018-10-12,STL,0.22
285,2018-10-13,STL,0.0
286,2018-10-14,STL,0.1
287,2018-10-15,STL,0.02
288,2018-10-16,STL,0.0
289,2018-10-17,STL,0.0
290,2018-10-18,STL,0.0
291,2018-10-19,STL,0.0
292,2018-10-20,STL,0.0
293,2018-10-21,STL,0.0
294,2018-10-22,STL,0.0
295,2018-10-23,STL,0.0
296,2018-10-24,STL,0.0
297,2018-10-25,STL,0.22
298,2018-10-26,STL,0.24
299,2018-10-27,STL,0.0
300,2018-10-28,STL,0.0
301,2018-10-29,STL,0.0
302,2018-10-30,STL,0.0
303,2018-10-31,STL,1.05
304,2018-11-01,STL,0.72
305,2018-11-02,STL,0.11
306,2018-11-03,STL,0.0
307,2018-11-04,STL,0.35
308,2018-11-05,STL,0.39
309,2018-11-06,STL,0.0
310,2018-11-07,STL,0.0
311,2018-11-08,STL,0.05
312,2018-11-09,STL,0.04
313,2018-11-10,STL,0.0
314,2018-11-11,STL,0.0
315,2018-11-12,STL,0.09
316,2018-11-13,STL,0.0
317,2018-11-14,STL,0.09
318,2018-11-15,STL,0.21
319,2018-11-16,STL,0.0
320,2018-11-17,STL,0.0
321,2018-11-18,STL,0.08
322,2018-11-19,STL,0.0
323,2018-11-20,STL,0.0
324,2018-11-21,STL,0.0
325,2018-11-22,STL,0.0
326,2018-11-23,STL,0.38
327,2018-11-24,STL,0.0
328,2018-11-25,STL,0.23
329,2018-11-26,STL,0.0
330,2018-11-27,STL,0.0
331,2018-11-28,STL,0.0
332,2018-11-29,STL,0.0
333,2018-11-30,STL,0.0
334,2018-12-01,STL,0.78
335,2018-12-02,STL,0.0
336,2018-12-03,STL,0.0
337,2018-12-04,STL,0.13
338,2018-12-05,STL,0.0
339,2018-12-06,STL,0.11
340,2018-12-07,STL,0.0
341,2018-12-08,STL,0.0
342,2018-12-09,STL,0.0
343,2018-12-10,STL,0.0
344,2018-12-11,STL,0.0
345,2018-12-12,STL,0.0
346,2018-12-13,STL,0.5
347,2018-12-14,STL,0.42
348,2018-12-15,STL,0.17
349,2018-12-16,STL,0.0
350,2018-12-17,STL,0.0
351,2018-12-18,STL,0.0
352,2018-12-19,STL,0.0
353,2018-12-20,STL,0.09
354,2018-12-21,STL,0.0
355,2018-12-22,STL,0.0
356,2018-12-23,STL,0.0
357,2018-12-24,STL,0.0
358,2018-12-25,STL,0.0
359,2018-12-26,STL,0.02
360,2018-12-27,STL,0.61
361,2018-12-28,STL,0.0
362,2018-12-29,STL,0.0
363,2018-12-30,STL,0.15
364,2018-12-31,STL,1.0
365,2019-01-01,STL,0.0
366,2019-01-02,STL,0.0
367,2019-01-03,STL,0.0
368,2019-01-04,STL,0.0
369,2019-01-05,STL,0.0
370,2019-01-06,STL,0.0
371,2019-01-07,STL,0.1
372,2019-01-08,STL,0.0
373,2019-01-09,STL,0.0
374,2019-01-10,STL,0.0
375,2019-01-11,STL,0.65
376,2019-01-12,STL,0.45
377,2019-01-13,STL,0.03
378,2019-01-14,STL,0.0
379,2019-01-15,STL,0.0
380,2019-01-16,STL,0.0
381,2019-01-17,STL,0.03
382,2019-01-18,STL,0.19
383,2019-01-19,STL,0.24
384,2019-01-20,STL,0.05
385,2019-01-21,STL,0.0
386,2019-01-22,STL,0.76
387,2019-01-23,STL,0.33
388,2019-01-24,STL,0.0
389,2019-01-25,STL,0.0
390,2019-01-26,STL,0.0
391,2019-01-27,STL,0.0
392,2019-01-28,STL,0.07
393,2019-01-29,STL,0.0
394,2019-01-30,STL,0.03
395,2019-01-31,STL,0.0
396,2019-02-01,STL,0.0
397,2019-02-02,STL,0.0
398,2019-02-03,STL,0.0
399,2019-02-04,STL,0.0
400,2019-02-05,STL,0.05
401,2019-02-06,STL,1.18
402,2019-02-07,STL,0.95
403,2019-02-08,STL,0.0
404,2019-02-09,STL,0.0
405,2019-02-10,STL,0.16
406,2019-02-11,STL,0.32
407,2019-02-12,STL,0.01
408,2019-02-13,STL,0.0
409,2019-02-14,STL,0.0
410,2019-02-15,STL,0.13
411,2019-02-16,STL,0.0
412,2019-02-17,STL,0.01
413,2019-02-18,STL,0.0
414,2019-02-19,STL,0.35
415,2019-02-20,STL,0.16
416,2019-02-21,STL,0.0
417,2019-02-22,STL,0.0
418,2019-02-23,STL,0.2
419,2019-02-24,STL,0.0
420,2019-02-25,STL,0.0
421,2019-02-26,STL,0.0
422,2019-02-27,STL,0.0
423,2019-02-28,STL,0.04
424,2019-03-01,STL,0.0
425,2019-03-02,STL,0.0
426,2019-03-03,STL,0.22
427,2019-03-04,STL,0.0
428,2019-03-05,STL,0.0
429,2019-03-06,STL,0.0
430,2019-03-07,STL,0.0
431,2019-03-08,STL,0.0
432,2019-03-09,STL,1.28
433,2019-03-10,STL,0.0
434,2019-03-11,STL,0.0
435,2019-03-12,STL,0.14
436,2019-03-13,STL,0.93
437,2019-03-14,STL,0.0
438,2019-03-15,STL,0.0
439,2019-03-16,STL,0.0
440,2019-03-17,STL,0.0
441,2019-03-18,STL,0.0
442,2019-03-19,STL,0.0
443,2019-03-20,STL,0.02
444,2019-03-21,STL,0.0
445,2019-03-22,STL,0.0
446,2019-03-23,STL,0.06
447,2019-03-24,STL,0.55
448,2019-03-25,STL,0.01
449,2019-03-26,STL,0.0
450,2019-03-27,STL,0.0
451,2019-03-28,STL,0.66
452,2019-03-29,STL,0.11
453,2019-03-30,STL,1.65
454,2019-03-31,STL,0.0
455,2019-04-01,STL,0.0
456,2019-04-02,STL,0.0
457,2019-04-03,STL,0.0
458,2019-04-04,STL,0.45
459,2019-04-05,STL,0.0
460,2019-04-06,STL,0.0
461,2019-04-07,STL,0.1
462,2019-04-08,STL,0.0
463,2019-04-09,STL,0.0
464,2019-04-10,STL,0.0
465,2019-04-11,STL,0.11
466,2019-04-12,STL,0.0
467,2019-04-13,STL,0.25
468,2019-04-14,STL,0.66
469,2019-04-15,STL,0.0
470,2019-04-16,STL,0.0
471,2019-04-17,STL,0.35
472,2019-04-18,STL,1.58
473,2019-04-19,STL,0.0
474,2019-04-20,STL,0.0
475,2019-04-21,STL,0.0
476,2019-04-22,STL,0.0
477,2019-04-23,STL,0.01
478,2019-04-24,STL,0.63
479,2019-04-25,STL,0.14
480,2019-04-26,STL,0.0
481,2019-04-27,STL,0.09
482,2019-04-28,STL,0.0
483,2019-04-29,STL,0.03
484,2019-04-30,STL,2.36
485,2019-05-01,STL,0.25
486,2019-05-02,STL,1.32
487,2019-05-03,STL,0.03
488,2019-05-04,STL,0.19
489,2019-05-05,STL,0.0
490,2019-05-06,STL,0.0
491,2019-05-07,STL,0.1
492,2019-05-08,STL,1.07
493,2019-05-09,STL,0.06
494,2019-05-10,STL,0.0
495,2019-05-11,STL,0.42
496,2019-05-12,STL,0.02
497,2019-05-13,STL,0.0
498,2019-05-14,STL,0.0
499,2019-05-15,STL,0.12
500,2019-05-16,STL,0.0
501,2019-05-17,STL,0.0
502,2019-05-18,STL,0.0
503,2019-05-19,STL,0.13
504,2019-05-20,STL,0.0
505,2019-05-21,STL,1.79
506,2019-05-22,STL,0.0
507,2019-05-23,STL,0.18
508,2019-05-24,STL,0.0
509,2019-05-25,STL,0.0
510,2019-05-26,STL,0.96
511,2019-05-27,STL,0.01
512,2019-05-28,STL,0.0
513,2019-05-29,STL,0.84
514,2019-05-30,STL,0.0
515,2019-05-31,STL,0.0
516,2019-06-01,STL,1.12
517,2019-06-02,STL,0.0
518,2019-06-03,STL,0.0
519,2019-06-04,STL,0.08
520,2019-06-05,STL,0.46
521,2019-06-06,STL,0.08
522,2019-06-07,STL,0.0
523,2019-06-08,STL,0.0
524,2019-06-09,STL,0.0
525,2019-06-10,STL,0.0
526,2019-06-11,STL,0.0
527,2019-06-12,STL,0.22
528,2019-06-13,STL,0.0
529,2019-06-14,STL,0.01
530,2019-06-15,STL,0.5
531,2019-06-16,STL,0.03
532,2019-06-17,STL,0.11
533,2019-06-18,STL,0.0
534,2019-06-19,STL,0.01
535,2019-06-20,STL,0.0
536,2019-06-21,STL,1.09
537,2019-06-22,STL,0.59
538,2019-06-23,STL,0.07
539,2019-06-24,STL,0.0
540,2019-06-25,STL,0.0
541,2019-06-26,STL,0.22
542,2019-06-27,STL,0.0
543,2019-06-28,STL,0.07
544,2019-06-29,STL,0.0
545,2019-06-30,STL,0.0
546,2019-07-01,STL,0.0
547,2019-07-02,STL,0.57
548,2019-07-03,STL,0.03
549,2019-07-04,STL,0.17
550,2019-07-05,STL,0.01
551,2019-07-06,STL,0.0
552,2019-07-07,STL,0.0
553,2019-07-08,STL,0.0
554,2019-07-09,STL,0.0
555,2019-07-10,STL,0.0
556,2019-07-11,STL,0.0
557,2019-07-12,STL,0.0
558,2019-07-13,STL,0.0
559,2019-07-14,STL,0.0
560,2019-07-15,STL,0.52
561,2019-07-16,STL,0.07
562,2019-07-17,STL,0.31
563,2019-07-18,STL,0.0
564,2019-07-19,STL,0.0
565,2019-07-20,STL,0.0
566,2019-07-21,STL,0.0
567,2019-07-22,STL,3.3
568,2019-07-23,STL,0.0
569,2019-07-24,STL,0.0
570,2019-07-25,STL,0.0
571,2019-07-26,STL,0.0
572,2019-07-27,STL,0.0
573,2019-07-28,STL,0.0
574,2019-07-29,STL,0.72
575,2019-07-30,STL,0.0
576,2019-07-31,STL,0.0
577,2019-08-01,STL,0.0
578,2019-08-02,STL,0.0
579,2019-08-03,STL,0.0
580,2019-08-04,STL,0.0
581,2019-08-05,STL,0.0
582,2019-08-06,STL,0.3
583,2019-08-07,STL,0.0
584,2019-08-08,STL,0.0
585,2019-08-09,STL,0.0
586,2019-08-10,STL,0.0
587,2019-08-11,STL,0.0
588,2019-08-12,STL,2.68
589,2019-08-13,STL,0.35
590,2019-08-14,STL,0.0
591,2019-08-15,STL,0.0
592,2019-08-16,STL,0.0
593,2019-08-17,STL,0.12
594,2019-08-18,STL,0.0
595,2019-08-19,STL,0.0
596,2019-08-20,STL,0.07
597,2019-08-21,STL,0.04
598,2019-08-22,STL,0.11
599,2019-08-23,STL,0.0
600,2019-08-24,STL,0.0
601,2019-08-25,STL,0.3
602,2019-08-26,STL,0.83
603,2019-08-27,STL,0.45
604,2019-08-28,STL,0.0
605,2019-08-29,STL,0.0
606,2019-08-30,STL,0.96
607,2019-08-31,STL,0.12
608,2019-09-01,STL,0.0
609,2019-09-02,STL,0.0
610,2019-09-03,STL,0.0
611,2019-09-04,STL,0.0
612,2019-09-05,STL,0.0
613,2019-09-06,STL,0.0
614,2019-09-07,STL,0.0
615,2019-09-08,STL,0.8
616,2019-09-09,STL,0.0
617,2019-09-10,STL,0.0
618,2019-09-11,STL,0.0
619,2019-09-12,STL,0.0
620,2019-09-13,STL,0.0
621,2019-09-14,STL,0.0
622,2019-09-15,STL,0.0
623,2019-09-16,STL,0.0
624,2019-09-17,STL,0.0
625,2019-09-18,STL,0.0
626,2019-09-19,STL,0.0
627,2019-09-20,STL,0.3
628,2019-09-21,STL,0.02
629,2019-09-22,STL,0.5
630,2019-09-23,STL,0.0
631,2019-09-24,STL,0.0
632,2019-09-25,STL,0.0
633,2019-09-26,STL,0.04
634,2019-09-27,STL,0.0
635,2019-09-28,STL,0.02
636,2019-09-29,STL,0.0
637,2019-09-30,STL,0.0
638,2019-10-01,STL,0.0
639,2019-10-02,STL,0.0
640,2019-10-03,STL,0.0
641,2019-10-04,STL,0.0
642,2019-10-05,STL,0.0
643,2019-10-06,STL,0.0
644,2019-10-07,STL,0.0
645,2019-10-08,STL,0.0
646,2019-10-09,STL,0.0
647,2019-10-10,STL,0.94
648,2019-10-11,STL,0.14
649,2019-10-12,STL,0.0
650,2019-10-13,STL,0.0
651,2019-10-14,STL,0.0
652,2019-10-15,STL,0.0
653,2019-10-16,STL,0.0
654,2019-10-17,STL,0.0
655,2019-10-18,STL,0.0
656,2019-10-19,STL,0.0
657,2019-10-20,STL,0.0
658,2019-10-21,STL,0.15
659,2019-10-22,STL,0.0
660,2019-10-23,STL,0.0
661,2019-10-24,STL,0.01
662,2019-10-25,STL,0.0
663,2019-10-26,STL,1.25
664,2019-10-27,STL,0.0
665,2019-10-28,STL,0.0
666,2019-10-29,STL,0.84
667,2019-10-30,STL,0.47
668,2019-10-31,STL,0.03
669,2019-11-01,STL,0.0
670,2019-11-02,STL,0.0
671,2019-11-03,STL,0.0
672,2019-11-04,STL,0.04
673,2019-11-05,STL,0.02
674,2019-11-06,STL,0.01
675,2019-11-07,STL,0.0
676,2019-11-08,STL,0.0
677,2019-11-09,STL,0.0
678,2019-11-10,STL,0.0
679,2019-11-11,STL,0.3
680,2019-11-12,STL,0.0
681,2019-11-13,STL,0.0
682,2019-11-14,STL,0.0
683,2019-11-15,STL,0.0
684,2019-11-16,STL,0.0
685,2019-11-17,STL,0.01
686,2019-11-18,STL,0.01
687,2019-11-19,STL,0.0
688,2019-11-20,STL,0.0
689,2019-11-21,STL,0.18
690,2019-11-22,STL,0.01
691,2019-11-23,STL,0.09
692,2019-11-24,STL,0.0
693,2019-11-25,STL,0.0
694,2019-11-26,STL,0.23
695,2019-11-27,STL,0.01
696,2019-11-28,STL,0.05
697,2019-11-29,STL,1.1
698,2019-11-30,STL,1.5
699,2019-12-01,STL,0.01
700,2019-12-02,STL,0.0
701,2019-12-03,STL,0.0
702,2019-12-04,STL,0.0
703,2019-12-05,STL,0.0
704,2019-12-06,STL,0.0
705,2019-12-07,STL,0.0
706,2019-12-08,STL,0.02
707,2019-12-09,STL,0.0
708,2019-12-10,STL,0.0
709,2019-12-11,STL,0.0
710,2019-12-12,STL,0.0
711,2019-12-13,STL,0.0
712,2019-12-14,STL,0.11
713,2019-12-15,STL,0.23
714,2019-12-16,STL,0.3
715,2019-12-17,STL,0.0
716,2019-12-18,STL,0.0
717,2019-12-19,STL,0.0
718,2019-12-20,STL,0.0
719,2019-12-21,STL,0.0
720,2019-12-22,STL,0.0
721,2019-12-23,STL,0.0
722,2019-12-24,STL,0.0
723,2019-12-25,STL,0.0
724,2019-12-26,STL,0.0
725,2019-12-27,STL,0.0
726,2019-12-28,STL,0.44
727,2019-12-29,STL,0.75
728,2019-12-30,STL,0.0
729,2019-12-31,STL,0.0
730,2020-01-01,STL,0.0
731,2020-01-02,STL,0.0
732,2020-01-03,STL,0.0
733,2020-01-04,STL,0.0
734,2020-01-05,STL,0.0
735,2020-01-06,STL,0.0
736,2020-01-07,STL,0.0
737,2020-01-08,STL,0.0
738,2020-01-09,STL,0.76
739,2020-01-10,STL,2.16
740,2020-01-11,STL,1.41
741,2020-01-12,STL,0.0
742,2020-01-13,STL,0.0
743,2020-01-14,STL,0.0
744,2020-01-15,STL,0.01
745,2020-01-16,STL,0.0
746,2020-01-17,STL,0.79
747,2020-01-18,STL,0.74
748,2020-01-19,STL,0.0
749,2020-01-20,STL,0.0
750,2020-01-21,STL,0.0
751,2020-01-22,STL,0.07
752,2020-01-23,STL,0.49
753,2020-01-24,STL,0.01
754,2020-01-25,STL,0.0
755,2020-01-26,STL,0.0
756,2020-01-27,STL,0.0
757,2020-01-28,STL,0.01
758,2020-01-29,STL,0.04
759,2020-01-30,STL,0.0
760,2020-01-31,STL,0.0
761,2020-02-01,STL,0.0
762,2020-02-02,STL,0.0
763,2020-02-03,STL,0.0
764,2020-02-04,STL,0.13
765,2020-02-05,STL,0.23
766,2020-02-06,STL,0.0
767,2020-02-07,STL,0.05
768,2020-02-08,STL,0.0
769,2020-02-09,STL,0.53
770,2020-02-10,STL,0.05
771,2020-02-11,STL,0.0
772,2020-02-12,STL,0.43
773,2020-02-13,STL,0.02
774,2020-02-14,STL,0.0
775,2020-02-15,STL,0.0
776,2020-02-16,STL,0.0
777,2020-02-17,STL,0.12
778,2020-02-18,STL,0.0
779,2020-02-19,STL,0.0
780,2020-02-20,STL,0.0
781,2020-02-21,STL,0.0
782,2020-02-22,STL,0.0
783,2020-02-23,STL,0.0
784,2020-02-24,STL,0.76
785,2020-02-25,STL,0.17
786,2020-02-26,STL,0.18
787,2020-02-27,STL,0.0
788,2020-02-28,STL,0.0
789,2020-02-29,STL,0.0
790,2020-03-01,STL,0.02
791,2020-03-02,STL,0.07
792,2020-03-03,STL,0.0
793,2020-03-04,STL,0.0
794,2020-03-05,STL,0.0
795,2020-03-06,STL,0.0
796,2020-03-07,STL,0.0
797,2020-03-08,STL,0.0
798,2020-03-09,STL,0.41
799,2020-03-10,STL,0.04
800,2020-03-11,STL,0.0
801,2020-03-12,STL,0.97
802,2020-03-13,STL,0.0
803,2020-03-14,STL,0.48
804,2020-03-15,STL,0.0
805,2020-03-16,STL,0.03
806,2020-03-17,STL,0.0
807,2020-03-18,STL,0.28
808,2020-03-19,STL,0.87
809,2020-03-20,STL,0.0
810,2020-03-21,STL,0.0
811,2020-03-22,STL,0.16
812,2020-03-23,STL,0.0
813,2020-03-24,STL,0.1
814,2020-03-25,STL,0.0
815,2020-03-26,STL,0.0
816,2020-03-27,STL,0.36
817,2020-03-28,STL,0.06
818,2020-03-29,STL,0.0
819,2020-03-30,STL,0.0
820,2020-03-31,STL,0.0
821,2020-04-01,STL,0.0
822,2020-04-02,STL,0.01
823,2020-04-03,STL,0.0
824,2020-04-04,STL,0.09
825,2020-04-05,STL,0.0
826,2020-04-06,STL,0.0
827,2020-04-07,STL,0.0
828,2020-04-08,STL,0.0
829,2020-04-09,STL,0.0
830,2020-04-10,STL,0.0
831,2020-04-11,STL,0.0
832,2020-04-12,STL,0.53
833,2020-04-13,STL,0.01
834,2020-04-14,STL,0.0
835,2020-04-15,STL,0.0
836,2020-04-16,STL,0.0
837,2020-04-17,STL,0.24
838,2020-04-18,STL,0.0
839,2020-04-19,STL,0.0
840,2020-04-20,STL,0.0
841,2020-04-21,STL,0.0
842,2020-04-22,STL,0.07
843,2020-04-23,STL,0.6
844,2020-04-24,STL,0.69
845,2020-04-25,STL,0.91
846,2020-04-26,STL,0.0
847,2020-04-27,STL,0.0
848,2020-04-28,STL,1.55
849,2020-04-29,STL,0.32
850,2020-04-30,STL,0.0
851,2020-05-01,STL,0.0
852,2020-05-02,STL,0.0
853,2020-05-03,STL,0.0
854,2020-05-04,STL,0.54
855,2020-05-05,STL,0.27
856,2020-05-06,STL,0.02
857,2020-05-07,STL,0.07
858,2020-05-08,STL,0.35
859,2020-05-09,STL,0.0
860,2020-05-10,STL,0.0
861,2020-05-11,STL,0.0
862,2020-05-12,STL,0.0
863,2020-05-13,STL,0.03
864,2020-05-14,STL,0.21
865,2020-05-15,STL,0.5
866,2020-05-16,STL,0.47
867,2020-05-17,STL,1.44
868,2020-05-18,STL,0.0
869,2020-05-19,STL,0.05
870,2020-05-20,STL,0.04
871,2020-05-21,STL,0.0
872,2020-05-22,STL,0.0
873,2020-05-23,STL,0.0
874,2020-05-24,STL,0.18
875,2020-05-25,STL,0.47
876,2020-05-26,STL,0.0
877,2020-05-27,STL,0.69
878,2020-05-28,STL,0.0
879,2020-05-29,STL,0.14
880,2020-05-30,STL,0.0
881,2020-05-31,STL,0.0
882,2020-06-01,STL,0.0
883,2020-06-02,STL,0.0
884,2020-06-03,STL,0.08
885,2020-06-04,STL,0.1
886,2020-06-05,STL,0.0
887,2020-06-06,STL,0.0
888,2020-06-07,STL,0.0
889,2020-06-08,STL,0.0
890,2020-06-09,STL,0.15
891,2020-06-10,STL,0.0
892,2020-06-11,STL,0.0
893,2020-06-12,STL,0.0
894,2020-06-13,STL,0.0
895,2020-06-14,STL,0.0
896,2020-06-15,STL,0.0
897,2020-06-16,STL,0.0
898,2020-06-17,STL,0.0
899,2020-06-18,STL,0.0
900,2020-06-19,STL,0.0
901,2020-06-20,STL,0.02
902,2020-06-21,STL,0.78
903,2020-06-22,STL,0.38
904,2020-06-23,STL,0.0
905,2020-06-24,STL,0.0
906,2020-06-25,STL,0.0
907,2020-06-26,STL,0.0
908,2020-06-27,STL,0.02
909,2020-06-28,STL,0.14
910,2020-06-29,STL,0.0
911,2020-06-30,STL,1.04
912,2020-07-01,STL,0.1
913,2020-07-02,STL,0.0
914,2020-07-03,STL,0.0
915,2020-07-04,STL,0.0
916,2020-07-05,STL,0.0
917,2020-07-06,STL,0.0
918,2020-07-07,STL,0.07
919,2020-07-08,STL,0.0
920,2020-07-09,STL,0.0
921,2020-07-10,STL,0.0
922,2020-07-11,STL,0.0
923,2020-07-12,STL,0.0
924,2020-07-13,STL,0.0
925,2020-07-14,STL,0.0
926,2020-07-15,STL,1.34
927,2020-07-16,STL,0.0
928,2020-07-17,STL,0.6
929,2020-07-18,STL,0.0
930,2020-07-19,STL,0.93
931,2020-07-20,STL,0.01
932,2020-07-21,STL,0.44
933,2020-07-22,STL,0.0
934,2020-07-23,STL,0.0
935,2020-07-24,STL,0.0
936,2020-07-25,STL,0.0
937,2020-07-26,STL,0.0
938,2020-07-27,STL,0.29
939,2020-07-28,STL,0.0
940,2020-07-29,STL,1.77
941,2020-07-30,STL,2.34
942,2020-07-31,STL,1.18
943,2020-08-01,STL,0.08
944,2020-08-02,STL,0.0
945,2020-08-03,STL,0.02
946,2020-08-04,STL,0.0
947,2020-08-05,STL,0.0
948,2020-08-06,STL,0.0
949,2020-08-07,STL,0.0
950,2020-08-08,STL,1.79
951,2020-08-09,STL,2.03
952,2020-08-10,STL,0.75
953,2020-08-11,STL,0.0
954,2020-08-12,STL,0.03
955,2020-08-13,STL,0.0
956,2020-08-14,STL,0.0
957,2020-08-15,STL,0.01
958,2020-08-16,STL,0.0
959,2020-08-17,STL,0.0
960,2020-08-18,STL,0.0
961,2020-08-19,STL,0.0
962,2020-08-20,STL,0.0
963,2020-08-21,STL,0.0
964,2020-08-22,STL,0.0
965,2020-08-23,STL,0.0
966,2020-08-24,STL,0.0
967,2020-08-25,STL,0.0
968,2020-08-26,STL,0.0
969,2020-08-27,STL,0.0
970,2020-08-28,STL,0.0
971,2020-08-29,STL,0.0
972,2020-08-30,STL,0.0
973,2020-08-31,STL,0.0
974,2020-09-01,STL,0.44
975,2020-09-02,STL,0.0
976,2020-09-03,STL,0.02
977,2020-09-04,STL,0.0
978,2020-09-05,STL,0.0
979,2020-09-06,STL,0.0
980,2020-09-07,STL,0.0
981,2020-09-08,STL,0.02
982,2020-09-09,STL,0.0
983,2020-09-10,STL,0.0
984,2020-09-11,STL,0.0
985,2020-09-12,STL,0.02
986,2020-09-13,STL,0.0
987,2020-09-14,STL,0.0
988,2020-09-15,STL,0.0
989,2020-09-16,STL,0.0
990,2020-09-17,STL,0.0
991,2020-09-18,STL,0.0
992,2020-09-19,STL,0.0
993,2020-09-20,STL,0.0
994,2020-09-21,STL,0.0
995,2020-09-22,STL,0.0
996,2020-09-23,STL,0.0
997,2020-09-24,STL,0.0
998,2020-09-25,STL,0.0
999,2020-09-26,STL,0.0
1000,2020-09-27,STL,0.2
1001,2020-09-28,STL,0.2
1002,2020-09-29,STL,0.0
1003,2020-09-30,STL,0.0
1004,2020-10-01,STL,0.0
1005,2020-10-02,STL,0.0
1006,2020-10-03,STL,0.06
1007,2020-10-04,STL,0.0
1008,2020-10-05,STL,0.0
1009,2020-10-06,STL,0.0
1010,2020-10-07,STL,0.0
1011,2020-10-08,STL,0.0
1012,2020-10-09,STL,0.0
1013,2020-10-10,STL,0.0
1014,2020-10-11,STL,0.0
1015,2020-10-12,STL,0.0
1016,2020-10-13,STL,0.0
1017,2020-10-14,STL,0.0
1018,2020-10-15,STL,0.0
1019,2020-10-16,STL,0.0
1020,2020-10-17,STL,0.0
1021,2020-10-18,STL,1.07
1022,2020-10-19,STL,0.32
1023,2020-10-20,STL,0.27
1024,2020-10-21,STL,0.3
1025,2020-10-22,STL,0.0
1026,2020-10-23,STL,0.18
1027,2020-10-24,STL,0.0
1028,2020-10-25,STL,0.0
1029,2020-10-26,STL,0.62
1030,2020-10-27,STL,0.07
1031,2020-10-28,STL,0.49
1032,2020-10-29,STL,0.29
1033,2020-10-30,STL,0.0
1034,2020-10-31,STL,0.0
1035,2020-11-01,STL,0.0
1036,2020-11-02,STL,0.0
1037,2020-11-03,STL,0.0
1038,2020-11-04,STL,0.0
1039,2020-11-05,STL,0.0
1040,2020-11-06,STL,0.0
1041,2020-11-07,STL,0.0
1042,2020-11-08,STL,0.0
1043,2020-11-09,STL,0.0
1044,2020-11-10,STL,0.23
1045,2020-11-11,STL,0.0
1046,2020-11-12,STL,0.0
1047,2020-11-13,STL,0.0
1048,2020-11-14,STL,1.43
1049,2020-11-15,STL,0.0
1050,2020-11-16,STL,0.0
1051,2020-11-17,STL,0.0
1052,2020-11-18,STL,0.0
1053,2020-11-19,STL,0.0
1054,2020-11-20,STL,0.1
1055,2020-11-21,STL,0.94
1056,2020-11-22,STL,0.16
1057,2020-11-23,STL,0.03
1058,2020-11-24,STL,0.5
1059,2020-11-25,STL,0.44
1060,2020-11-26,STL,0.0
1061,2020-11-27,STL,0.0
1062,2020-11-28,STL,0.0
1063,2020-11-29,STL,0.01
1064,2020-11-30,STL,0.0
1065,2020-12-01,STL,0.0
1066,2020-12-02,STL,0.0
1067,2020-12-03,STL,0.0
1068,2020-12-04,STL,0.0
1069,2020-12-05,STL,0.0
1070,2020-12-06,STL,0.0
1071,2020-12-07,STL,0.0
1072,2020-12-08,STL,0.0
1073,2020-12-09,STL,0.0
1074,2020-12-10,STL,0.0
1075,2020-12-11,STL,0.67
1076,2020-12-12,STL,0.29
1077,2020-12-13,STL,0.0
1078,2020-12-14,STL,0.0
1079,2020-12-15,STL,0.0
1080,2020-12-16,STL,0.01
1081,2020-12-17,STL,0.0
1082,2020-12-18,STL,0.0
1083,2020-12-19,STL,0.0
1084,2020-12-20,STL,0.0
1085,2020-12-21,STL,0.0
1086,2020-12-22,STL,0.0
1087,2020-12-23,STL,0.3
1088,2020-12-24,STL,0.0
1089,2020-12-25,STL,0.0
1090,2020-12-26,STL,0.0
1091,2020-12-27,STL,0.0
1092,2020-12-28,STL,0.0
1093,2020-12-29,STL,0.0
1094,2020-12-30,STL,0.32
1095,2020-12-31,STL,0.01
1096,2021-01-01,STL,0.78
1097,2021-01-02,STL,0.0
1098,2021-01-03,STL,0.0
1099,2021-01-04,STL,0.0
1100,2021-01-05,STL,0.0
1101,2021-01-06,STL,0.0
1102,2021-01-07,STL,0.0
1103,2021-01-08,STL,0.0
1104,2021-01-09,STL,0.0
1105,2021-01-10,STL,0.0
1106,2021-01-11,STL,0.0
1107,2021-01-12,STL,0.0
1108,2021-01-13,STL,0.0
1109,2021-01-14,STL,0.11
1110,2021-01-15,STL,0.11
1111,2021-01-16,STL,0.0
1112,2021-01-17,STL,0.04
1113,2021-01-18,STL,0.01
1114,2021-01-19,STL,0.0
1115,2021-01-20,STL,0.0
1116,2021-01-21,STL,0.0
1117,2021-01-22,STL,0.0
1118,2021-01-23,STL,0.0
1119,2021-01-24,STL,0.0
1120,2021-01-25,STL,1.21
1121,2021-01-26,STL,0.0
1122,2021-01-27,STL,0.26
1123,2021-01-28,STL,0.0
1124,2021-01-29,STL,0.0
1125,2021-01-30,STL,1.25
1126,2021-01-31,STL,0.05
1127,2021-02-01,STL,0.0
1128,2021-02-02,STL,0.0
1129,2021-02-03,STL,0.0
1130,2021-02-04,STL,0.22
1131,2021-02-05,STL,0.0
1132,2021-02-06,STL,0.04
1133,2021-02-07,STL,0.0
1134,2021-02-08,STL,0.1
1135,2021-02-09,STL,0.0
1136,2021-02-10,STL,0.04
1137,2021-02-11,STL,0.03
1138,2021-02-12,STL,0.0
1139,2021-02-13,STL,0.02
1140,2021-02-14,STL,0.01
1141,2021-02-15,STL,0.52
1142,2021-02-16,STL,0.0
1143,2021-02-17,STL,0.04
1144,2021-02-18,STL,0.0
1145,2021-02-19,STL,0.0
1146,2021-02-20,STL,0.0
1147,2021-02-21,STL,0.01
1148,2021-02-22,STL,0.0
1149,2021-02-23,STL,0.0
1150,2021-02-24,STL,0.0
1151,2021-02-25,STL,0.0
1152,2021-02-26,STL,0.0
1153,2021-02-27,STL,0.17
1154,2021-02-28,STL,0.44
1155,2021-03-01,STL,0.0
1156,2021-03-02,STL,0.0
1157,2021-03-03,STL,0.0
1158,2021-03-04,STL,0.0
1159,2021-03-05,STL,0.0
1160,2021-03-06,STL,0.0
1161,2021-03-07,STL,0.0
1162,2021-03-08,STL,0.0
1163,2021-03-09,STL,0.0
1164,2021-03-10,STL,0.0
1165,2021-03-11,STL,0.48
1166,2021-03-12,STL,0.05
1167,2021-03-13,STL,0.0
1168,2021-03-14,STL,0.01
1169,2021-03-15,STL,0.44
1170,2021-03-16,STL,0.0
1171,2021-03-17,STL,0.87
1172,2021-03-18,STL,2.04
1173,2021-03-19,STL,0.0
1174,2021-03-20,STL,0.0
1175,2021-03-21,STL,0.0
1176,2021-03-22,STL,0.0
1177,2021-03-23,STL,0.46
1178,2021-03-24,STL,0.0
1179,2021-03-25,STL,0.54
1180,2021-03-26,STL,0.0
1181,2021-03-27,STL,0.28
1182,2021-03-28,STL,0.0
1183,2021-03-29,STL,0.0
1184,2021-03-30,STL,0.0
1185,2021-03-31,STL,0.0
1186,2021-04-01,STL,0.0
1187,2021-04-02,STL,0.0
1188,2021-04-03,STL,0.0
1189,2021-04-04,STL,0.0
1190,2021-04-05,STL,0.0
1191,2021-04-06,STL,0.0
1192,2021-04-07,STL,1.01
1193,2021-04-08,STL,0.03
1194,2021-04-09,STL,0.0
1195,2021-04-10,STL,1.06
1196,2021-04-11,STL,0.04
1197,2021-04-12,STL,0.0
1198,2021-04-13,STL,0.07
1199,2021-04-14,STL,0.0
1200,2021-04-15,STL,0.0
1201,2021-04-16,STL,0.01
1202,2021-04-17,STL,0.07
1203,2021-04-18,STL,0.0
1204,2021-04-19,STL,0.0
1205,2021-04-20,STL,0.33
1206,2021-04-21,STL,0.01
1207,2021-04-22,STL,0.0
1208,2021-04-23,STL,0.02
1209,2021-04-24,STL,0.68
1210,2021-04-25,STL,0.0
1211,2021-04-26,STL,0.0
1212,2021-04-27,STL,0.0
1213,2021-04-28,STL,0.46
1214,2021-04-29,STL,0.31
1215,2021-04-30,STL,0.0
1216,2021-05-01,STL,0.0
1217,2021-05-02,STL,0.01
1218,2021-05-03,STL,0.12
1219,2021-05-04,STL,0.08
1220,2021-05-05,STL,0.0
1221,2021-05-06,STL,0.01
1222,2021-05-07,STL,0.0
1223,2021-05-08,STL,0.0
1224,2021-05-09,STL,0.17
1225,2021-05-10,STL,0.0
1226,2021-05-11,STL,0.0
1227,2021-05-12,STL,0.0
1228,2021-05-13,STL,0.0
1229,2021-05-14,STL,0.0
1230,2021-05-15,STL,0.0
1231,2021-05-16,STL,0.02
1232,2021-05-17,STL,0.5
1233,2021-05-18,STL,0.46
1234,2021-05-19,STL,0.0
1235,2021-05-20,STL,0.0
1236,2021-05-21,STL,0.0
1237,2021-05-22,STL,0.0
1238,2021-05-23,STL,0.0
1239,2021-05-24,STL,0.0
1240,2021-05-25,STL,0.16
1241,2021-05-26,STL,0.0
1242,2021-05-27,STL,1.29
1243,2021-05-28,STL,0.04
1244,2021-05-29,STL,0.0
1245,2021-05-30,STL,0.0
1246,2021-05-31,STL,0.0
1247,2021-06-01,STL,0.0
1248,2021-06-02,STL,0.03
1249,2021-06-03,STL,0.0
1250,2021-06-04,STL,0.0
1251,2021-06-05,STL,0.0
1252,2021-06-06,STL,0.0
1253,2021-06-07,STL,0.0
1254,2021-06-08,STL,0.1
1255,2021-06-09,STL,0.0
1256,2021-06-10,STL,0.0
1257,2021-06-11,STL,0.0
1258,2021-06-12,STL,0.0
1259,2021-06-13,STL,0.0
1260,2021-06-14,STL,0.0
1261,2021-06-15,STL,0.0
1262,2021-06-16,STL,0.0
1263,2021-06-17,STL,0.0
1264,2021-06-18,STL,0.0
1265,2021-06-19,STL,0.36
1266,2021-06-20,STL,0.0
1267,2021-06-21,STL,0.21
1268,2021-06-22,STL,0.0
1269,2021-06-23,STL,0.0
1270,2021-06-24,STL,0.01
1271,2021-06-25,STL,2.62
1272,2021-06-26,STL,0.06
1273,2021-06-27,STL,0.24
1274,2021-06-28,STL,1.59
1275,2021-06-29,STL,0.0
1276,2021-06-30,STL,0.11
1277,2021-07-01,STL,0.65
1278,2021-07-02,STL,0.0
1279,2021-07-03,STL,0.0
1280,2021-07-04,STL,0.0
1281,2021-07-05,STL,0.0
1282,2021-07-06,STL,0.0
1283,2021-07-07,STL,0.02
1284,2021-07-08,STL,0.0
1285,2021-07-09,STL,2.02
1286,2021-07-10,STL,1.28
1287,2021-07-11,STL,0.01
1288,2021-07-12,STL,0.11
1289,2021-07-13,STL,0.0
1290,2021-07-14,STL,0.0
1291,2021-07-15,STL,0.22
1292,2021-07-16,STL,0.76
1293,2021-07-17,STL,0.0
1294,2021-07-18,STL,0.0
1295,2021-07-19,STL,0.0
1296,2021-07-20,STL,0.0
1297,2021-07-21,STL,0.0
1298,2021-07-22,STL,0.0
1299,2021-07-23,STL,0.0
1300,2021-07-24,STL,0.0
1301,2021-07-25,STL,0.64
1302,2021-07-26,STL,0.0
1303,2021-07-27,STL,0.0
1304,2021-07-28,STL,0.0
1305,2021-07-29,STL,0.18
1306,2021-07-30,STL,0.0
1307,2021-07-31,STL,0.06
1308,2021-08-01,STL,0.0
1309,2021-08-02,STL,0.0
1310,2021-08-03,STL,0.0
1311,2021-08-04,STL,0.0
1312,2021-08-05,STL,0.0
1313,2021-08-06,STL,0.0
1314,2021-08-07,STL,0.0
1315,2021-08-08,STL,1.01
1316,2021-08-09,STL,0.6
1317,2021-08-10,STL,0.39
1318,2021-08-11,STL,0.0
1319,2021-08-12,STL,0.91
1320,2021-08-13,STL,0.0
1321,2021-08-14,STL,0.0
1322,2021-08-15,STL,0.0
1323,2021-08-16,STL,0.0
1324,2021-08-17,STL,0.0
1325,2021-08-18,STL,0.0
1326,2021-08-19,STL,0.0
1327,2021-08-20,STL,0.0
1328,2021-08-21,STL,0.0
1329,2021-08-22,STL,0.0
1330,2021-08-23,STL,0.52
1331,2021-08-24,STL,0.0
1332,2021-08-25,STL,0.0
1333,2021-08-26,STL,0.08
1334,2021-08-27,STL,0.0
1335,2021-08-28,STL,0.0
1336,2021-08-29,STL,0.0
1337,2021-08-30,STL,0.12
1338,2021-08-31,STL,1.22
1339,2021-09-01,STL,0.0
1340,2021-09-02,STL,0.0
1341,2021-09-03,STL,0.01
1342,2021-09-04,STL,0.88
1343,2021-09-05,STL,0.0
1344,2021-09-06,STL,0.0
1345,2021-09-07,STL,0.0
1346,2021-09-08,STL,0.0
1347,2021-09-09,STL,0.0
1348,2021-09-10,STL,0.0
1349,2021-09-11,STL,0.0
1350,2021-09-12,STL,0.0
1351,2021-09-13,STL,0.0
1352,2021-09-14,STL,0.24
1353,2021-09-15,STL,0.12
1354,2021-09-16,STL,0.0
1355,2021-09-17,STL,0.0
1356,2021-09-18,STL,0.0
1357,2021-09-19,STL,0.03
1358,2021-09-20,STL,0.0
1359,2021-09-21,STL,1.7
1360,2021-09-22,STL,0.0
1361,2021-09-23,STL,0.0
1362,2021-09-24,STL,0.0
1363,2021-09-25,STL,0.06
1364,2021-09-26,STL,0.0
1365,2021-09-27,STL,0.0
1366,2021-09-28,STL,0.0
1367,2021-09-29,STL,0.0
1368,2021-09-30,STL,0.0
1369,2021-10-01,STL,0.0
1370,2021-10-02,STL,0.14
1371,2021-10-03,STL,0.32
1372,2021-10-04,STL,0.0
1373,2021-10-05,STL,0.0
1374,2021-10-06,STL,0.02
1375,2021-10-07,STL,0.0
1376,2021-10-08,STL,0.0
1377,2021-10-09,STL,0.0
1378,2021-10-10,STL,0.0
1379,2021-10-11,STL,0.44
1380,2021-10-12,STL,0.0
1381,2021-10-13,STL,0.02
1382,2021-10-14,STL,0.82
1383,2021-10-15,STL,0.1
1384,2021-10-16,STL,0.0
1385,2021-10-17,STL,0.0
1386,2021-10-18,STL,0.0
1387,2021-10-19,STL,0.0
1388,2021-10-20,STL,0.05
1389,2021-10-21,STL,0.0
1390,2021-10-22,STL,0.0
1391,2021-10-23,STL,0.02
1392,2021-10-24,STL,0.0
1393,2021-10-25,STL,0.0
1394,2021-10-26,STL,0.0
1395,2021-10-27,STL,0.0
1396,2021-10-28,STL,0.59
1397,2021-10-29,STL,0.1
1398,2021-10-30,STL,0.0
1399,2021-10-31,STL,0.0
1400,2021-11-01,STL,0.01
1401,2021-11-02,STL,0.0
1402,2021-11-03,STL,0.0
1403,2021-11-04,STL,0.0
1404,2021-11-05,STL,0.0
1405,2021-11-06,STL,0.0
1406,2021-11-07,STL,0.0
1407,2021-11-08,STL,0.0
1408,2021-11-09,STL,0.0
1409,2021-11-10,STL,0.0
1410,2021-11-11,STL,0.07
1411,2021-11-12,STL,0.0
1412,2021-11-13,STL,0.0
1413,2021-11-14,STL,0.09
1414,2021-11-15,STL,0.0
1415,2021-11-16,STL,0.0
1416,2021-11-17,STL,0.0
1417,2021-11-18,STL,0.0
1418,2021-11-19,STL,0.0
1419,2021-11-20,STL,0.0
1420,2021-11-21,STL,0.0
1421,2021-11-22,STL,0.0
1422,2021-11-23,STL,0.0
1423,2021-11-24,STL,0.01
1424,2021-11-25,STL,0.17
1425,2021-11-26,STL,0.0
1426,2021-11-27,STL,0.0
1427,2021-11-28,STL,0.0
1428,2021-11-29,STL,0.0
1429,2021-11-30,STL,0.0
1430,2021-12-01,STL,0.01
1431,2021-12-02,STL,0.0
1432,2021-12-03,STL,0.0
1433,2021-12-04,STL,0.0
1434,2021-12-05,STL,0.01
1435,2021-12-06,STL,0.0
1436,2021-12-07,STL,0.0
1437,2021-12-08,STL,0.0
1438,2021-12-09,STL,0.0
1439,2021-12-10,STL,0.92
1440,2021-12-11,STL,0.0
1441,2021-12-12,STL,0.0
1442,2021-12-13,STL,0.0
1443,2021-12-14,STL,0.05
1444,2021-12-15,STL,0.0
1445,2021-12-16,STL,0.31
1446,2021-12-17,STL,0.21
1447,2021-12-18,STL,0.09
1448,2021-12-19,STL,0.0
1449,2021-12-20,STL,0.0
1450,2021-12-21,STL,0.0
1451,2021-12-22,STL,0.0
1452,2021-12-23,STL,0.0
1453,2021-12-24,STL,0.0
1454,2021-12-25,STL,0.0
1455,2021-12-26,STL,0.01
1456,2021-12-27,STL,0.0
1457,2021-12-28,STL,1.08
1458,2021-12-29,STL,0.05
1459,2021-12-30,STL,0.01
1460,2021-12-31,STL,0.0
1461,2022-01-01,STL,0.63
1462,2022-01-02,STL,0.0
1463,2022-01-03,STL,0.0
1464,2022-01-04,STL,0.0
1465,2022-01-05,STL,0.0
1466,2022-01-06,STL,0.0
1467,2022-01-07,STL,0.0
1468,2022-01-08,STL,0.13
1469,2022-01-09,STL,0.02
1470,2022-01-10,STL,0.0
1471,2022-01-11,STL,0.0
1472,2022-01-12,STL,0.0
1473,2022-01-13,STL,0.01
1474,2022-01-14,STL,0.28
1475,2022-01-15,STL,0.27
1476,2022-01-16,STL,0.01
1477,2022-01-17,STL,0.0
1478,2022-01-18,STL,0.0
1479,2022-01-19,STL,0.0
1480,2022-01-20,STL,0.0
1481,2022-01-21,STL,0.0
1482,2022-01-22,STL,0.0
1483,2022-01-23,STL,0.0
1484,2022-01-24,STL,0.0
1485,2022-01-25,STL,0.0
1486,2022-01-26,STL,0.0
1487,2022-01-27,STL,0.0
1488,2022-01-28,STL,0.0
1489,2022-01-29,STL,0.0
1490,2022-01-30,STL,0.0
1491,2022-01-31,STL,0.0
1492,2022-02-01,STL,0.59
1493,2022-02-02,STL,0.49
1494,2022-02-03,STL,0.47
1495,2022-02-04,STL,0.0
1496,2022-02-05,STL,0.0
1497,2022-02-06,STL,0.0
1498,2022-02-07,STL,0.0
1499,2022-02-08,STL,0.0
1500,2022-02-09,STL,0.0
1501,2022-02-10,STL,0.0
1502,2022-02-11,STL,0.1
1503,2022-02-12,STL,0.0
1504,2022-02-13,STL,0.0
1505,2022-02-14,STL,0.0
1506,2022-02-15,STL,0.0
1507,2022-02-16,STL,0.14
1508,2022-02-17,STL,1.41
1509,2022-02-18,STL,0.0
1510,2022-02-19,STL,0.0
1511,2022-02-20,STL,0.0
1512,2022-02-21,STL,0.0
1513,2022-02-22,STL,0.15
1514,2022-02-23,STL,0.03
1515,2022-02-24,STL,0.18
1516,2022-02-25,STL,0.0
1517,2022-02-26,STL,0.0
1518,2022-02-27,STL,0.0
1519,2022-02-28,STL,0.0
1520,2022-03-01,STL,0.0
1521,2022-03-02,STL,0.0
1522,2022-03-03,STL,0.0
1523,2022-03-04,STL,0.0
1524,2022-03-05,STL,0.04
1525,2022-03-06,STL,1.65
1526,2022-03-07,STL,0.01
1527,2022-03-08,STL,0.0
1528,2022-03-09,STL,0.0
1529,2022-03-10,STL,0.0
1530,2022-03-11,STL,0.08
1531,2022-03-12,STL,0.0
1532,2022-03-13,STL,0.0
1533,2022-03-14,STL,0.0
1534,2022-03-15,STL,0.0
1535,2022-03-16,STL,0.0
1536,2022-03-17,STL,0.0
1537,2022-03-18,STL,0.19
1538,2022-03-19,STL,0.06
1539,2022-03-20,STL,0.0
1540,2022-03-21,STL,0.37
1541,2022-03-22,STL,0.24
1542,2022-03-23,STL,0.07
1543,2022-03-24,STL,0.22
1544,2022-03-25,STL,0.0
1545,2022-03-26,STL,0.0
1546,2022-03-27,STL,0.0
1547,2022-03-28,STL,0.0
1548,2022-03-29,STL,0.0
1549,2022-03-30,STL,1.84
1550,2022-03-31,STL,0.02
1551,2022-04-01,STL,0.0
1552,2022-04-02,STL,0.0
1553,2022-04-03,STL,0.0
1554,2022-04-04,STL,0.03
1555,2022-04-05,STL,0.46
1556,2022-04-06,STL,0.19
1557,2022-04-07,STL,0.01
1558,2022-04-08,STL,0.07
1559,2022-04-09,STL,0.0
1560,2022-04-10,STL,0.0
1561,2022-04-11,STL,0.16
1562,2022-04-12,STL,0.0
1563,2022-04-13,STL,0.78
1564,2022-04-14,STL,0.0
1565,2022-04-15,STL,0.0
1566,2022-04-16,STL,0.0
1567,2022-04-17,STL,0.33
1568,2022-04-18,STL,0.0
1569,2022-04-19,STL,0.0
1570,2022-04-20,STL,0.24
1571,2022-04-21,STL,0.01
1572,2022-04-22,STL,0.0
1573,2022-04-23,STL,0.0
1574,2022-04-24,STL,0.89
1575,2022-04-25,STL,0.04
1576,2022-04-26,STL,0.0
1577,2022-04-27,STL,0.0
1578,2022-04-28,STL,0.04
1579,2022-04-29,STL,0.06
1580,2022-04-30,STL,0.09
1581,2022-05-01,STL,0.0
1582,2022-05-02,STL,0.37
1583,2022-05-03,STL,0.15
1584,2022-05-04,STL,0.3
1585,2022-05-05,STL,1.5
1586,2022-05-06,STL,0.26
1587,2022-05-07,STL,0.0
1588,2022-05-08,STL,0.0
1589,2022-05-09,STL,0.0
1590,2022-05-10,STL,0.0
1591,2022-05-11,STL,0.0
1592,2022-05-12,STL,0.0
1593,2022-05-13,STL,0.0
1594,2022-05-14,STL,0.0
1595,2022-05-15,STL,0.0
1596,2022-05-16,STL,0.0
1597,2022-05-17,STL,0.24
1598,2022-05-18,STL,0.46
1599,2022-05-19,STL,0.2
1600,2022-05-20,STL,0.0
1601,2022-05-21,STL,1.59
1602,2022-05-22,STL,0.0
1603,2022-05-23,STL,0.0
1604,2022-05-24,STL,0.0
1605,2022-05-25,STL,1.01
1606,2022-05-26,STL,0.14
1607,2022-05-27,STL,0.01
1608,2022-05-28,STL,0.0
1609,2022-05-29,STL,0.0
1610,2022-05-30,STL,0.0
1611,2022-05-31,STL,0.0
1612,2022-06-01,STL,0.45
1613,2022-06-02,STL,0.0
1614,2022-06-03,STL,0.0
1615,2022-06-04,STL,0.0
1616,2022-06-05,STL,0.0
1617,2022-06-06,STL,0.0
1618,2022-06-07,STL,0.0
1619,2022-06-08,STL,0.42
1620,2022-06-09,STL,0.0
1621,2022-06-10,STL,0.1
1622,2022-06-11,STL,0.0
1623,2022-06-12,STL,0.0
1624,2022-06-13,STL,0.0
1625,2022-06-14,STL,0.0
1626,2022-06-15,STL,0.0
1627,2022-06-16,STL,0.0
1628,2022-06-17,STL,0.34
1629,2022-06-18,STL,0.0
1630,2022-06-19,STL,0.0
1631,2022-06-20,STL,0.0
1632,2022-06-21,STL,0.0
1633,2022-06-22,STL,0.0
1634,2022-06-23,STL,0.0
1635,2022-06-24,STL,0.0
1636,2022-06-25,STL,0.0
1637,2022-06-26,STL,0.48
1638,2022-06-27,STL,0.0
1639,2022-06-28,STL,0.0
1640,2022-06-29,STL,0.0
1641,2022-06-30,STL,0.0
1642,2022-07-01,STL,0.0
1643,2022-07-02,STL,0.3
1644,2022-07-03,STL,0.0
1645,2022-07-04,STL,0.0
1646,2022-07-05,STL,0.0
1647,2022-07-06,STL,0.09
1648,2022-07-07,STL,0.01
1649,2022-07-08,STL,0.22
1650,2022-07-09,STL,0.56
1651,2022-07-10,STL,0.0
1652,2022-07-11,STL,0.0
1653,2022-07-12,STL,0.06
1654,2022-07-13,STL,0.0
1655,2022-07-14,STL,0.0
1656,2022-07-15,STL,0.0
1657,2022-07-16,STL,0.0
1658,2022-07-17,STL,0.74
1659,2022-07-18,STL,0.0
1660,2022-07-19,STL,0.0
1661,2022-07-20,STL,0.0
1662,2022-07-21,STL,0.0
1663,2022-07-22,STL,0.0
1664,2022-07-23,STL,0.0
1665,2022-07-24,STL,0.0
1666,2022-07-25,STL,0.43
1667,2022-07-26,STL,8.64
1668,2022-07-27,STL,0.9
1669,2022-07-28,STL,0.27
1670,2022-07-29,STL,0.0
1671,2022-07-30,STL,0.0
1672,2022-07-31,STL,0.0
1673,2022-08-01,STL,0.0
1674,2022-08-02,STL,0.0
1675,2022-08-03,STL,4.32
1676,2022-08-04,STL,0.44
1677,2022-08-05,STL,0.0
1678,2022-08-06,STL,0.0
1679,2022-08-07,STL,0.0
1680,2022-08-08,STL,0.0
1681,2022-08-09,STL,0.09
1682,2022-08-10,STL,0.0
1683,2022-08-11,STL,0.0
1684,2022-08-12,STL,0.0
1685,2022-08-13,STL,0.0
1686,2022-08-14,STL,0.0
1687,2022-08-15,STL,0.0
1688,2022-08-16,STL,0.41
1689,2022-08-17,STL,0.0
1690,2022-08-18,STL,0.0
1691,2022-08-19,STL,0.0
1692,2022-08-20,STL,0.0
1693,2022-08-21,STL,0.0
1694,2022-08-22,STL,0.0
1695,2022-08-23,STL,0.0
1696,2022-08-24,STL,0.0
1697,2022-08-25,STL,0.2
1698,2022-08-26,STL,0.0
1699,2022-08-27,STL,0.0
1700,2022-08-28,STL,0.32
1701,2022-08-29,STL,0.0
1702,2022-08-30,STL,0.0
1703,2022-08-31,STL,0.0
1704,2022-09-01,STL,0.0
1705,2022-09-02,STL,0.03
1706,2022-09-03,STL,0.19
1707,2022-09-04,STL,0.51
1708,2022-09-05,STL,0.14
1709,2022-09-06,STL,0.0
1710,2022-09-07,STL,0.0
1711,2022-09-08,STL,0.0
1712,2022-09-09,STL,0.0
1713,2022-09-10,STL,0.33
1714,2022-09-11,STL,0.33
1715,2022-09-12,STL,0.0
1716,2022-09-13,STL,0.0
1717,2022-09-14,STL,0.0
1718,2022-09-15,STL,0.0
1719,2022-09-16,STL,0.0
1720,2022-09-17,STL,0.0
1721,2022-09-18,STL,0.08
1722,2022-09-19,STL,0.0
1723,2022-09-20,STL,0.0
1724,2022-09-21,STL,0.06
1725,2022-09-22,STL,0.0
1726,2022-09-23,STL,0.06
1727,2022-09-24,STL,0.0
1728,2022-09-25,STL,0.0
1729,2022-09-26,STL,0.0
1730,2022-09-27,STL,0.0
1731,2022-09-28,STL,0.0
1732,2022-09-29,STL,0.0
1733,2022-09-30,STL,0.0
1734,2022-10-01,STL,0.0
1735,2022-10-02,STL,0.0
1736,2022-10-03,STL,0.0
1737,2022-10-04,STL,0.0
1738,2022-10-05,STL,0.0
1739,2022-10-06,STL,0.0
1740,2022-10-07,STL,0.0
1741,2022-10-08,STL,0.0
1742,2022-10-09,STL,0.0
1743,2022-10-10,STL,0.0
1744,2022-10-11,STL,0.19
1745,2022-10-12,STL,0.11
1746,2022-10-13,STL,0.0
1747,2022-10-14,STL,0.0
1748,2022-10-15,STL,0.0
1749,2022-10-16,STL,0.0
1750,2022-10-17,STL,0.0
1751,2022-10-18,STL,0.0
1752,2022-10-19,STL,0.0
1753,2022-10-20,STL,0.0
1754,2022-10-21,STL,0.0
1755,2022-10-22,STL,0.0
1756,2022-10-23,STL,0.0
1757,2022-10-24,STL,0.12
1758,2022-10-25,STL,2.31
1759,2022-10-26,STL,0.0
1760,2022-10-27,STL,0.0
1761,2022-10-28,STL,0.0
1762,2022-10-29,STL,0.02
1763,2022-10-30,STL,0.92
1764,2022-10-31,STL,0.01
1765,2022-11-01,STL,0.0
1766,2022-11-02,STL,0.0
1767,2022-11-03,STL,0.0
1768,2022-11-04,STL,0.81
1769,2022-11-05,STL,0.27
1770,2022-11-06,STL,0.0
1771,2022-11-07,STL,0.0
1772,2022-11-08,STL,0.0
1773,2022-11-09,STL,0.0
1774,2022-11-10,STL,0.0
1775,2022-11-11,STL,0.0
1776,2022-11-12,STL,0.0
1777,2022-11-13,STL,0.0
1778,2022-11-14,STL,0.02
1779,2022-11-15,STL,0.18
1780,2022-11-16,STL,0.0
1781,2022-11-17,STL,0.0
1782,2022-11-18,STL,0.0
1783,2022-11-19,STL,0.0
1784,2022-11-20,STL,0.0
1785,2022-11-21,STL,0.0
1786,2022-11-22,STL,0.0
1787,2022-11-23,STL,0.0
1788,2022-11-24,STL,0.36
1789,2022-11-25,STL,0.0
1790,2022-11-26,STL,0.45
1791,2022-11-27,STL,0.36
1792,2022-11-28,STL,0.0
1793,2022-11-29,STL,0.0
1794,2022-11-30,STL,0.0
1795,2022-12-01,STL,0.0
1796,2022-12-02,STL,0.0
1797,2022-12-03,STL,0.0
1798,2022-12-04,STL,0.0
1799,2022-12-05,STL,0.0
1800,2022-12-06,STL,0.03
1801,2022-12-07,STL,0.0
1802,2022-12-08,STL,0.16
1803,2022-12-09,STL,0.06
1804,2022-12-10,STL,0.0
1805,2022-12-11,STL,0.0
1806,2022-12-12,STL,0.0
1807,2022-12-13,STL,0.77
1808,2022-12-14,STL,0.44
1809,2022-12-15,STL,0.0
1810,2022-12-16,STL,0.0
1811,2022-12-17,STL,0.0
1812,2022-12-18,STL,0.0
1813,2022-12-19,STL,0.0
1814,2022-12-20,STL,0.0
1815,2022-12-21,STL,0.0
1816,2022-12-22,STL,0.14
1817,2022-12-23,STL,0.0
1818,2022-12-24,STL,0.0
1819,2022-12-25,STL,0.04
1820,2022-12-26,STL,0.01
1821,2022-12-27,STL,0.0
1822,2022-12-28,STL,0.0
1823,2022-12-29,STL,0.0
1824,2022-12-30,STL,0.31
1825,2022-12-31,STL,0.0
1826,2018-01-01,SEA,0.0
1827,2018-01-02,SEA,0.0
1828,2018-01-03,SEA,0.0
1829,2018-01-04,SEA,0.0
1830,2018-01-05,SEA,0.25
1831,2018-01-06,SEA,0.57
1832,2018-01-07,SEA,0.23
1833,2018-01-08,SEA,0.41
1834,2018-01-09,SEA,
1835,2018-01-10,SEA,
1836,2018-01-11,SEA,
1837,2018-01-12,SEA,
1838,2018-01-13,SEA,
1839,2018-01-14,SEA,
1840,2018-01-15,SEA,
1841,2018-01-16,SEA,
1842,2018-01-17,SEA,
1843,2018-01-18,SEA,
1844,2018-01-19,SEA,
1845,2018-01-20,SEA,
1846,2018-01-21,SEA,
1847,2018-01-22,SEA,
1848,2018-01-23,SEA,
1849,2018-01-24,SEA,
1850,2018-01-25,SEA,
1851,2018-01-26,SEA,
1852,2018-01-27,SEA,
1853,2018-01-28,SEA,
1854,2018-01-29,SEA,
1855,2018-01-30,SEA,
1856,2018-01-31,SEA,
1857,2018-02-01,SEA,
1858,2018-02-02,SEA,
1859,2018-02-03,SEA,
1860,2018-02-04,SEA,
1861,2018-02-05,SEA,
1862,2018-02-06,SEA,
1863,2018-02-07,SEA,
1864,2018-02-08,SEA,
1865,2018-02-09,SEA,
1866,2018-02-10,SEA,
1867,2018-02-11,SEA,
1868,2018-02-12,SEA,
1869,2018-02-13,SEA,
1870,2018-02-14,SEA,
1871,2018-02-15,SEA,
1872,2018-02-16,SEA,
1873,2018-02-17,SEA,
1874,2018-02-18,SEA,
1875,2018-02-19,SEA,
1876,2018-02-20,SEA,
1877,2018-02-21,SEA,
1878,2018-02-22,SEA,
1879,2018-02-23,SEA,
1880,2018-02-24,SEA,
1881,2018-02-25,SEA,
1882,2018-02-26,SEA,
1883,2018-02-27,SEA,
1884,2018-02-28,SEA,
1885,2018-03-01,SEA,
1886,2018-03-02,SEA,
1887,2018-03-03,SEA,
1888,2018-03-04,SEA,
1889,2018-03-05,SEA,
1890,2018-03-06,SEA,
1891,2018-03-07,SEA,
1892,2018-03-08,SEA,
1893,2018-03-09,SEA,
1894,2018-03-10,SEA,
1895,2018-03-11,SEA,
1896,2018-03-12,SEA,0.0
1897,2018-03-13,SEA,0.0
1898,2018-03-14,SEA,0.2
1899,2018-03-15,SEA,0.02
1900,2018-03-16,SEA,0.0
1901,2018-03-17,SEA,0.0
1902,2018-03-18,SEA,0.0
1903,2018-03-19,SEA,0.0
1904,2018-03-20,SEA,0.0
1905,2018-03-21,SEA,0.0
1906,2018-03-22,SEA,0.25
1907,2018-03-23,SEA,0.29
1908,2018-03-24,SEA,0.63
1909,2018-03-25,SEA,0.0
1910,2018-03-26,SEA,0.0
1911,2018-03-27,SEA,0.0
1912,2018-03-28,SEA,0.07
1913,2018-03-29,SEA,0.0
1914,2018-03-30,SEA,0.0
1915,2018-03-31,SEA,0.0
1916,2018-04-01,SEA,0.01
1917,2018-04-02,SEA,0.16
1918,2018-04-03,SEA,0.0
1919,2018-04-04,SEA,0.08
1920,2018-04-05,SEA,0.24
1921,2018-04-06,SEA,0.21
1922,2018-04-07,SEA,0.43
1923,2018-04-08,SEA,0.55
1924,2018-04-09,SEA,0.04
1925,2018-04-10,SEA,0.09
1926,2018-04-11,SEA,0.19
1927,2018-04-12,SEA,0.46
1928,2018-04-13,SEA,0.18
1929,2018-04-14,SEA,0.68
1930,2018-04-15,SEA,1.65
1931,2018-04-16,SEA,0.1
1932,2018-04-17,SEA,0.11
1933,2018-04-18,SEA,0.02
1934,2018-04-19,SEA,0.0
1935,2018-04-20,SEA,0.0
1936,2018-04-21,SEA,0.05
1937,2018-04-22,SEA,0.1
1938,2018-04-23,SEA,0.0
1939,2018-04-24,SEA,0.0
1940,2018-04-25,SEA,0.0
1941,2018-04-26,SEA,0.0
1942,2018-04-27,SEA,0.0
1943,2018-04-28,SEA,0.32
1944,2018-04-29,SEA,0.27
1945,2018-04-30,SEA,0.0
1946,2018-05-01,SEA,0.0
1947,2018-05-02,SEA,0.0
1948,2018-05-03,SEA,0.0
1949,2018-05-04,SEA,0.0
1950,2018-05-05,SEA,0.0
1951,2018-05-06,SEA,0.03
1952,2018-05-07,SEA,0.0
1953,2018-05-08,SEA,0.0
1954,2018-05-09,SEA,0.05
1955,2018-05-10,SEA,0.0
1956,2018-05-11,SEA,0.0
1957,2018-05-12,SEA,0.0
1958,2018-05-13,SEA,0.0
1959,2018-05-14,SEA,0.0
1960,2018-05-15,SEA,0.0
1961,2018-05-16,SEA,0.0
1962,2018-05-17,SEA,0.0
1963,2018-05-18,SEA,0.0
1964,2018-05-19,SEA,0.0
1965,2018-05-20,SEA,0.12
1966,2018-05-21,SEA,0.0
1967,2018-05-22,SEA,0.0
1968,2018-05-23,SEA,0.0
1969,2018-05-24,SEA,0.0
1970,2018-05-25,SEA,0.01
1971,2018-05-26,SEA,0.0
1972,2018-05-27,SEA,0.0
1973,2018-05-28,SEA,0.0
1974,2018-05-29,SEA,0.0
1975,2018-05-30,SEA,0.0
1976,2018-05-31,SEA,0.0
1977,2018-06-01,SEA,0.0
1978,2018-06-02,SEA,0.0
1979,2018-06-03,SEA,0.0
1980,2018-06-04,SEA,0.05
1981,2018-06-05,SEA,0.04
1982,2018-06-06,SEA,0.0
1983,2018-06-07,SEA,0.0
1984,2018-06-08,SEA,0.0
1985,2018-06-09,SEA,0.26
1986,2018-06-10,SEA,0.13
1987,2018-06-11,SEA,0.21
1988,2018-06-12,SEA,0.0
1989,2018-06-13,SEA,0.2
1990,2018-06-14,SEA,0.05
1991,2018-06-15,SEA,0.0
1992,2018-06-16,SEA,0.0
1993,2018-06-17,SEA,0.0
1994,2018-06-18,SEA,0.0
1995,2018-06-19,SEA,0.0
1996,2018-06-20,SEA,0.0
1997,2018-06-21,SEA,0.0
1998,2018-06-22,SEA,0.0
1999,2018-06-23,SEA,0.18
2000,2018-06-24,SEA,0.0
2001,2018-06-25,SEA,0.17
2002,2018-06-26,SEA,0.15
2003,2018-06-27,SEA,0.0
2004,2018-06-28,SEA,0.0
2005,2018-06-29,SEA,0.0
2006,2018-06-30,SEA,0.0
2007,2018-07-01,SEA,0.02
2008,2018-07-02,SEA,0.01
2009,2018-07-03,SEA,0.0
2010,2018-07-04,SEA,0.0
2011,2018-07-05,SEA,0.0
2012,2018-07-06,SEA,0.0
2013,2018-07-07,SEA,0.0
2014,2018-07-08,SEA,0.0
2015,2018-07-09,SEA,0.0
2016,2018-07-10,SEA,0.0
2017,2018-07-11,SEA,0.0
2018,2018-07-12,SEA,0.0
2019,2018-07-13,SEA,0.0
2020,2018-07-14,SEA,0.0
2021,2018-07-15,SEA,0.0
2022,2018-07-16,SEA,0.0
2023,2018-07-17,SEA,0.0
2024,2018-07-18,SEA,0.0
2025,2018-07-19,SEA,0.0
2026,2018-07-20,SEA,0.0
2027,2018-07-21,SEA,0.0
2028,2018-07-22,SEA,0.0
2029,2018-07-23,SEA,0.0
2030,2018-07-24,SEA,0.0
2031,2018-07-25,SEA,0.0
2032,2018-07-26,SEA,0.0
2033,2018-07-27,SEA,0.0
2034,2018-07-28,SEA,0.0
2035,2018-07-29,SEA,0.0
2036,2018-07-30,SEA,0.0
2037,2018-07-31,SEA,0.0
2038,2018-08-01,SEA,0.0
2039,2018-08-02,SEA,0.0
2040,2018-08-03,SEA,0.04
2041,2018-08-04,SEA,0.01
2042,2018-08-05,SEA,0.0
2043,2018-08-06,SEA,0.0
2044,2018-08-07,SEA,0.0
2045,2018-08-08,SEA,0.0
2046,2018-08-09,SEA,0.0
2047,2018-08-10,SEA,0.0
2048,2018-08-11,SEA,0.0
2049,2018-08-12,SEA,0.01
2050,2018-08-13,SEA,0.0
2051,2018-08-14,SEA,0.0
2052,2018-08-15,SEA,0.0
2053,2018-08-16,SEA,0.0
2054,2018-08-17,SEA,0.0
2055,2018-08-18,SEA,0.0
2056,2018-08-19,SEA,0.0
2057,2018-08-20,SEA,0.0
2058,2018-08-21,SEA,0.0
2059,2018-08-22,SEA,0.0
2060,2018-08-23,SEA,0.0
2061,2018-08-24,SEA,0.0
2062,2018-08-25,SEA,0.0
2063,2018-08-26,SEA,0.01
2064,2018-08-27,SEA,0.27
2065,2018-08-28,SEA,0.0
2066,2018-08-29,SEA,0.0
2067,2018-08-30,SEA,0.0
2068,2018-08-31,SEA,0.25
2069,2018-09-01,SEA,0.0
2070,2018-09-02,SEA,0.0
2071,2018-09-03,SEA,0.0
2072,2018-09-04,SEA,0.0
2073,2018-09-05,SEA,0.0
2074,2018-09-06,SEA,0.0
2075,2018-09-07,SEA,0.0
2076,2018-09-08,SEA,0.14
2077,2018-09-09,SEA,0.0
2078,2018-09-10,SEA,0.17
2079,2018-09-11,SEA,0.01
2080,2018-09-12,SEA,0.0
2081,2018-09-13,SEA,0.0
2082,2018-09-14,SEA,0.1
2083,2018-09-15,SEA,0.08
2084,2018-09-16,SEA,0.28
2085,2018-09-17,SEA,0.05
2086,2018-09-18,SEA,0.0
2087,2018-09-19,SEA,0.0
2088,2018-09-20,SEA,0.03
2089,2018-09-21,SEA,0.0
2090,2018-09-22,SEA,
2091,2018-09-23,SEA,0.01
2092,2018-09-24,SEA,0.0
2093,2018-09-25,SEA,0.0
2094,2018-09-26,SEA,0.0
2095,2018-09-27,SEA,0.0
2096,2018-09-28,SEA,0.0
2097,2018-09-29,SEA,0.0
2098,2018-09-30,SEA,0.1
2099,2018-10-01,SEA,0.01
2100,2018-10-02,SEA,0.27
2101,2018-10-03,SEA,0.07
2102,2018-10-04,SEA,0.0
2103,2018-10-05,SEA,0.0
2104,2018-10-06,SEA,0.31
2105,2018-10-07,SEA,0.0
2106,2018-10-08,SEA,0.13
2107,2018-10-09,SEA,0.38
2108,2018-10-10,SEA,0.02
2109,2018-10-11,SEA,0.0
2110,2018-10-12,SEA,0.0
2111,2018-10-13,SEA,0.0
2112,2018-10-14,SEA,0.0
2113,2018-10-15,SEA,0.0
2114,2018-10-16,SEA,0.0
2115,2018-10-17,SEA,0.0
2116,2018-10-18,SEA,0.0
2117,2018-10-19,SEA,0.0
2118,2018-10-20,SEA,0.0
2119,2018-10-21,SEA,0.0
2120,2018-10-22,SEA,0.01
2121,2018-10-23,SEA,0.01
2122,2018-10-24,SEA,0.04
2123,2018-10-25,SEA,0.0
2124,2018-10-26,SEA,0.82
2125,2018-10-27,SEA,0.02
2126,2018-10-28,SEA,1.25
2127,2018-10-29,SEA,0.14
2128,2018-10-30,SEA,0.01
2129,2018-10-31,SEA,0.1
2130,2018-11-01,SEA,0.03
2131,2018-11-02,SEA,
2132,2018-11-03,SEA,
2133,2018-11-04,SEA,
2134,2018-11-05,SEA,
2135,2018-11-06,SEA,
2136,2018-11-07,SEA,
2137,2018-11-08,SEA,
2138,2018-11-09,SEA,
2139,2018-11-10,SEA,
2140,2018-11-11,SEA,
2141,2018-11-12,SEA,0.0
2142,2018-11-13,SEA,0.0
2143,2018-11-14,SEA,0.12
2144,2018-11-15,SEA,0.08
2145,2018-11-16,SEA,0.04
2146,2018-11-17,SEA,0.0
2147,2018-11-18,SEA,0.0
2148,2018-11-19,SEA,0.0
2149,2018-11-20,SEA,0.0
2150,2018-11-21,SEA,0.0
2151,2018-11-22,SEA,0.29
2152,2018-11-23,SEA,0.78
2153,2018-11-24,SEA,0.08
2154,2018-11-25,SEA,0.0
2155,2018-11-26,SEA,0.32
2156,2018-11-27,SEA,1.56
2157,2018-11-28,SEA,0.45
2158,2018-11-29,SEA,0.15
2159,2018-11-30,SEA,0.01
2160,2018-12-01,SEA,0.18
2161,2018-12-02,SEA,0.29
2162,2018-12-03,SEA,0.02
2163,2018-12-04,SEA,0.0
2164,2018-12-05,SEA,0.0
2165,2018-12-06,SEA,0.0
2166,2018-12-07,SEA,0.0
2167,2018-12-08,SEA,0.01
2168,2018-12-09,SEA,0.0
2169,2018-12-10,SEA,0.56
2170,2018-12-11,SEA,0.14
2171,2018-12-12,SEA,0.37
2172,2018-12-13,SEA,0.15
2173,2018-12-14,SEA,0.18
2174,2018-12-15,SEA,0.05
2175,2018-12-16,SEA,0.38
2176,2018-12-17,SEA,0.3
2177,2018-12-18,SEA,0.83
2178,2018-12-19,SEA,0.27
2179,2018-12-20,SEA,0.18
2180,2018-12-21,SEA,0.16
2181,2018-12-22,SEA,0.01
2182,2018-12-23,SEA,0.83
2183,2018-12-24,SEA,0.05
2184,2018-12-25,SEA,0.02
2185,2018-12-26,SEA,0.03
2186,2018-12-27,SEA,0.12
2187,2018-12-28,SEA,0.07
2188,2018-12-29,SEA,0.32
2189,2018-12-30,SEA,0.44
2190,2018-12-31,SEA,0.01
2191,2019-01-01,SEA,0.0
2192,2019-01-02,SEA,0.0
2193,2019-01-03,SEA,0.42
2194,2019-01-04,SEA,0.55
2195,2019-01-05,SEA,
2196,2019-01-06,SEA,
2197,2019-01-07,SEA,
2198,2019-01-08,SEA,0.02
2199,2019-01-09,SEA,0.35
2200,2019-01-10,SEA,0.32
2201,2019-01-11,SEA,0.03
2202,2019-01-12,SEA,0.0
2203,2019-01-13,SEA,0.0
2204,2019-01-14,SEA,0.0
2205,2019-01-15,SEA,0.0
2206,2019-01-16,SEA,0.0
2207,2019-01-17,SEA,0.12
2208,2019-01-18,SEA,0.15
2209,2019-01-19,SEA,0.28
2210,2019-01-20,SEA,0.04
2211,2019-01-21,SEA,0.0
2212,2019-01-22,SEA,0.01
2213,2019-01-23,SEA,0.7
2214,2019-01-24,SEA,
2215,2019-01-25,SEA,
2216,2019-01-26,SEA,0.02
2217,2019-01-27,SEA,0.0
2218,2019-01-28,SEA,0.0
2219,2019-01-29,SEA,0.0
2220,2019-01-30,SEA,0.0
2221,2019-01-31,SEA,0.0
2222,2019-02-01,SEA,0.16
2223,2019-02-02,SEA,0.35
2224,2019-02-03,SEA,0.04
2225,2019-02-04,SEA,0.35
2226,2019-02-05,SEA,0.02
2227,2019-02-06,SEA,0.0
2228,2019-02-07,SEA,0.0
2229,2019-02-08,SEA,0.0
2230,2019-02-09,SEA,1.12
2231,2019-02-10,SEA,0.0
2232,2019-02-11,SEA,0.7
2233,2019-02-12,SEA,1.02
2234,2019-02-13,SEA,0.15
2235,2019-02-14,SEA,0.0
2236,2019-02-15,SEA,0.19
2237,2019-02-16,SEA,0.02
2238,2019-02-17,SEA,0.39
2239,2019-02-18,SEA,0.02
2240,2019-02-19,SEA,0.07
2241,2019-02-20,SEA,0.27
2242,2019-02-21,SEA,0.03
2243,2019-02-22,SEA,0.0
2244,2019-02-23,SEA,
2245,2019-02-24,SEA,
2246,2019-02-25,SEA,
2247,2019-02-26,SEA,
2248,2019-02-27,SEA,
2249,2019-02-28,SEA,
2250,2019-03-01,SEA,0.0
2251,2019-03-02,SEA,0.0
2252,2019-03-03,SEA,0.0
2253,2019-03-04,SEA,0.0
2254,2019-03-05,SEA,0.0
2255,2019-03-06,SEA,0.0
2256,2019-03-07,SEA,0.27
2257,2019-03-08,SEA,0.03
2258,2019-03-09,SEA,0.08
2259,2019-03-10,SEA,0.0
2260,2019-03-11,SEA,0.0
2261,2019-03-12,SEA,0.76
2262,2019-03-13,SEA,0.19
2263,2019-03-14,SEA,0.0
2264,2019-03-15,SEA,0.0
2265,2019-03-16,SEA,0.0
2266,2019-03-17,SEA,0.0
2267,2019-03-18,SEA,0.0
2268,2019-03-19,SEA,0.0
2269,2019-03-20,SEA,0.0
2270,2019-03-21,SEA,0.0
2271,2019-03-22,SEA,0.0
2272,2019-03-23,SEA,0.01
2273,2019-03-24,SEA,0.0
2274,2019-03-25,SEA,0.0
2275,2019-03-26,SEA,0.21
2276,2019-03-27,SEA,0.0
2277,2019-03-28,SEA,0.0
2278,2019-03-29,SEA,0.0
2279,2019-03-30,SEA,0.0
2280,2019-03-31,SEA,0.0
2281,2019-04-01,SEA,0.0
2282,2019-04-02,SEA,0.0
2283,2019-04-03,SEA,0.02
2284,2019-04-04,SEA,0.01
2285,2019-04-05,SEA,0.21
2286,2019-04-06,SEA,
2287,2019-04-07,SEA,
2288,2019-04-08,SEA,
2289,2019-04-09,SEA,0.22
2290,2019-04-10,SEA,0.02
2291,2019-04-11,SEA,0.32
2292,2019-04-12,SEA,0.44
2293,2019-04-13,SEA,0.04
2294,2019-04-14,SEA,0.05
2295,2019-04-15,SEA,0.02
2296,2019-04-16,SEA,0.0
2297,2019-04-17,SEA,0.17
2298,2019-04-18,SEA,0.1
2299,2019-04-19,SEA,0.07
2300,2019-04-20,SEA,0.03
2301,2019-04-21,SEA,0.17
2302,2019-04-22,SEA,0.04
2303,2019-04-23,SEA,0.07
2304,2019-04-24,SEA,0.02
2305,2019-04-25,SEA,0.0
2306,2019-04-26,SEA,0.0
2307,2019-04-27,SEA,0.0
2308,2019-04-28,SEA,0.02
2309,2019-04-29,SEA,0.0
2310,2019-04-30,SEA,0.0
2311,2019-05-01,SEA,0.0
2312,2019-05-02,SEA,0.0
2313,2019-05-03,SEA,0.0
2314,2019-05-04,SEA,0.0
2315,2019-05-05,SEA,0.0
2316,2019-05-06,SEA,0.0
2317,2019-05-07,SEA,0.0
2318,2019-05-08,SEA,0.0
2319,2019-05-09,SEA,0.0
2320,2019-05-10,SEA,0.0
2321,2019-05-11,SEA,0.0
2322,2019-05-12,SEA,0.0
2323,2019-05-13,SEA,0.0
2324,2019-05-14,SEA,0.01
2325,2019-05-15,SEA,0.14
2326,2019-05-16,SEA,0.06
2327,2019-05-17,SEA,0.6
2328,2019-05-18,SEA,0.01
2329,2019-05-19,SEA,0.01
2330,2019-05-20,SEA,0.04
2331,2019-05-21,SEA,0.15
2332,2019-05-22,SEA,0.01
2333,2019-05-23,SEA,0.0
2334,2019-05-24,SEA,0.0
2335,2019-05-25,SEA,0.0
2336,2019-05-26,SEA,0.44
2337,2019-05-27,SEA,0.01
2338,2019-05-28,SEA,0.0
2339,2019-05-29,SEA,0.0
2340,2019-05-30,SEA,0.0
2341,2019-05-31,SEA,0.0
2342,2019-06-01,SEA,0.0
2343,2019-06-02,SEA,0.0
2344,2019-06-03,SEA,0.0
2345,2019-06-04,SEA,0.0
2346,2019-06-05,SEA,0.0
2347,2019-06-06,SEA,0.0
2348,2019-06-07,SEA,0.02
2349,2019-06-08,SEA,0.1
2350,2019-06-09,SEA,0.0
2351,2019-06-10,SEA,0.0
2352,2019-06-11,SEA,0.0
2353,2019-06-12,SEA,0.0
2354,2019-06-13,SEA,0.0
2355,2019-06-14,SEA,0.0
2356,2019-06-15,SEA,0.0
2357,2019-06-16,SEA,0.0
2358,2019-06-17,SEA,0.0
2359,2019-06-18,SEA,0.12
2360,2019-06-19,SEA,0.03
2361,2019-06-20,SEA,0.31
2362,2019-06-21,SEA,
2363,2019-06-22,SEA,
2364,2019-06-23,SEA,0.08
2365,2019-06-24,SEA,0.02
2366,2019-06-25,SEA,0.02
2367,2019-06-26,SEA,0.0
2368,2019-06-27,SEA,
2369,2019-06-28,SEA,
2370,2019-06-29,SEA,
2371,2019-06-30,SEA,
2372,2019-07-01,SEA,
2373,2019-07-02,SEA,
2374,2019-07-03,SEA,
2375,2019-07-04,SEA,
2376,2019-07-05,SEA,
2377,2019-07-06,SEA,
2378,2019-07-07,SEA,0.01
2379,2019-07-08,SEA,0.15
2380,2019-07-09,SEA,0.01
2381,2019-07-10,SEA,0.22
2382,2019-07-11,SEA,0.13
2383,2019-07-12,SEA,0.01
2384,2019-07-13,SEA,0.0
2385,2019-07-14,SEA,0.0
2386,2019-07-15,SEA,0.0
2387,2019-07-16,SEA,0.07
2388,2019-07-17,SEA,0.02
2389,2019-07-18,SEA,0.13
2390,2019-07-19,SEA,0.62
2391,2019-07-20,SEA,0.02
2392,2019-07-21,SEA,0.0
2393,2019-07-22,SEA,0.0
2394,2019-07-23,SEA,0.0
2395,2019-07-24,SEA,0.0
2396,2019-07-25,SEA,0.0
2397,2019-07-26,SEA,0.0
2398,2019-07-27,SEA,0.0
2399,2019-07-28,SEA,0.0
2400,2019-07-29,SEA,0.0
2401,2019-07-30,SEA,0.0
2402,2019-07-31,SEA,0.0
2403,2019-08-01,SEA,0.0
2404,2019-08-02,SEA,0.25
2405,2019-08-03,SEA,0.0
2406,2019-08-04,SEA,0.0
2407,2019-08-05,SEA,0.0
2408,2019-08-06,SEA,0.0
2409,2019-08-07,SEA,0.0
2410,2019-08-08,SEA,0.0
2411,2019-08-09,SEA,0.0
2412,2019-08-10,SEA,0.47
2413,2019-08-11,SEA,0.18
2414,2019-08-12,SEA,0.01
2415,2019-08-13,SEA,0.0
2416,2019-08-14,SEA,0.0
2417,2019-08-15,SEA,
2418,2019-08-16,SEA,
2419,2019-08-17,SEA,
2420,2019-08-18,SEA,
2421,2019-08-19,SEA,
2422,2019-08-20,SEA,
2423,2019-08-21,SEA,
2424,2019-08-22,SEA,0.13
2425,2019-08-23,SEA,0.0
2426,2019-08-24,SEA,0.0
2427,2019-08-25,SEA,0.0
2428,2019-08-26,SEA,0.0
2429,2019-08-27,SEA,0.0
2430,2019-08-28,SEA,0.0
2431,2019-08-29,SEA,0.0
2432,2019-08-30,SEA,0.22
2433,2019-08-31,SEA,0.01
2434,2019-09-01,SEA,0.0
2435,2019-09-02,SEA,0.0
2436,2019-09-03,SEA,0.0
2437,2019-09-04,SEA,0.0
2438,2019-09-05,SEA,0.0
2439,2019-09-06,SEA,0.0
2440,2019-09-07,SEA,0.0
2441,2019-09-08,SEA,0.61
2442,2019-09-09,SEA,0.1
2443,2019-09-10,SEA,0.55
2444,2019-09-11,SEA,0.02
2445,2019-09-12,SEA,0.0
2446,2019-09-13,SEA,0.21
2447,2019-09-14,SEA,0.01
2448,2019-09-15,SEA,0.35
2449,2019-09-16,SEA,0.19
2450,2019-09-17,SEA,0.04
2451,2019-09-18,SEA,0.32
2452,2019-09-19,SEA,0.0
2453,2019-09-20,SEA,0.02
2454,2019-09-21,SEA,0.0
2455,2019-09-22,SEA,0.02
2456,2019-09-23,SEA,0.32
2457,2019-09-24,SEA,0.16
2458,2019-09-25,SEA,0.0
2459,2019-09-26,SEA,0.04
2460,2019-09-27,SEA,0.31
2461,2019-09-28,SEA,0.23
2462,2019-09-29,SEA,0.25
2463,2019-09-30,SEA,0.03
2464,2019-10-01,SEA,0.0
2465,2019-10-02,SEA,0.0
2466,2019-10-03,SEA,0.02
2467,2019-10-04,SEA,0.08
2468,2019-10-05,SEA,0.01
2469,2019-10-06,SEA,0.0
2470,2019-10-07,SEA,0.0
2471,2019-10-08,SEA,0.0
2472,2019-10-09,SEA,0.2
2473,2019-10-10,SEA,0.0
2474,2019-10-11,SEA,0.0
2475,2019-10-12,SEA,0.0
2476,2019-10-13,SEA,0.0
2477,2019-10-14,SEA,0.0
2478,2019-10-15,SEA,0.0
2479,2019-10-16,SEA,0.13
2480,2019-10-17,SEA,0.26
2481,2019-10-18,SEA,0.11
2482,2019-10-19,SEA,0.96
2483,2019-10-20,SEA,0.18
2484,2019-10-21,SEA,0.27
2485,2019-10-22,SEA,0.22
2486,2019-10-23,SEA,0.06
2487,2019-10-24,SEA,0.02
2488,2019-10-25,SEA,0.0
2489,2019-10-26,SEA,0.31
2490,2019-10-27,SEA,0.03
2491,2019-10-28,SEA,0.0
2492,2019-10-29,SEA,0.0
2493,2019-10-30,SEA,0.0
2494,2019-10-31,SEA,0.0
2495,2019-11-01,SEA,0.0
2496,2019-11-02,SEA,0.0
2497,2019-11-03,SEA,0.0
2498,2019-11-04,SEA,0.0
2499,2019-11-05,SEA,0.0
2500,2019-11-06,SEA,0.0
2501,2019-11-07,SEA,0.0
2502,2019-11-08,SEA,0.0
2503,2019-11-09,SEA,0.1
2504,2019-11-10,SEA,0.21
2505,2019-11-11,SEA,0.0
2506,2019-11-12,SEA,0.25
2507,2019-11-13,SEA,0.04
2508,2019-11-14,SEA,0.0
2509,2019-11-15,SEA,0.19
2510,2019-11-16,SEA,0.02
2511,2019-11-17,SEA,0.11
2512,2019-11-18,SEA,0.22
2513,2019-11-19,SEA,0.73
2514,2019-11-20,SEA,0.03
2515,2019-11-21,SEA,0.0
2516,2019-11-22,SEA,0.0
2517,2019-11-23,SEA,
2518,2019-11-24,SEA,
2519,2019-11-25,SEA,
2520,2019-11-26,SEA,
2521,2019-11-27,SEA,
2522,2019-11-28,SEA,
2523,2019-11-29,SEA,
2524,2019-11-30,SEA,
2525,2019-12-01,SEA,0.0
2526,2019-12-02,SEA,0.03
2527,2019-12-03,SEA,0.0
2528,2019-12-04,SEA,0.02
2529,2019-12-05,SEA,0.03
2530,2019-12-06,SEA,0.0
2531,2019-12-07,SEA,0.3
2532,2019-12-08,SEA,0.17
2533,2019-12-09,SEA,0.02
2534,2019-12-10,SEA,0.0
2535,2019-12-11,SEA,0.17
2536,2019-12-12,SEA,0.43
2537,2019-12-13,SEA,0.09
2538,2019-12-14,SEA,0.03
2539,2019-12-15,SEA,0.36
2540,2019-12-16,SEA,0.08
2541,2019-12-17,SEA,0.02
2542,2019-12-18,SEA,0.0
2543,2019-12-19,SEA,0.35
2544,2019-12-20,SEA,1.9
2545,2019-12-21,SEA,2.6
2546,2019-12-22,SEA,0.33
2547,2019-12-23,SEA,0.4
2548,2019-12-24,SEA,0.05
2549,2019-12-25,SEA,0.02
2550,2019-12-26,SEA,0.0
2551,2019-12-27,SEA,0.03
2552,2019-12-28,SEA,0.0
2553,2019-12-29,SEA,0.02
2554,2019-12-30,SEA,0.07
2555,2019-12-31,SEA,0.03
2556,2020-01-01,SEA,0.15
2557,2020-01-02,SEA,0.33
2558,2020-01-03,SEA,0.19
2559,2020-01-04,SEA,
2560,2020-01-05,SEA,
2561,2020-01-06,SEA,
2562,2020-01-07,SEA,0.48
2563,2020-01-08,SEA,0.05
2564,2020-01-09,SEA,0.04
2565,2020-01-10,SEA,0.15
2566,2020-01-11,SEA,0.43
2567,2020-01-12,SEA,0.12
2568,2020-01-13,SEA,0.11
2569,2020-01-14,SEA,0.19
2570,2020-01-15,SEA,0.01
2571,2020-01-16,SEA,0.07
2572,2020-01-17,SEA,0.01
2573,2020-01-18,SEA,0.45
2574,2020-01-19,SEA,0.04
2575,2020-01-20,SEA,0.08
2576,2020-01-21,SEA,0.22
2577,2020-01-22,SEA,0.76
2578,2020-01-23,SEA,0.45
2579,2020-01-24,SEA,0.8
2580,2020-01-25,SEA,0.4
2581,2020-01-26,SEA,0.26
2582,2020-01-27,SEA,0.17
2583,2020-01-28,SEA,0.98
2584,2020-01-29,SEA,0.05
2585,2020-01-30,SEA,0.2
2586,2020-01-31,SEA,0.22
2587,2020-02-01,SEA,1.44
2588,2020-02-02,SEA,0.01
2589,2020-02-03,SEA,0.03
2590,2020-02-04,SEA,0.01
2591,2020-02-05,SEA,0.69
2592,2020-02-06,SEA,1.34
2593,2020-02-07,SEA,0.58
2594,2020-02-08,SEA,0.2
2595,2020-02-09,SEA,0.03
2596,2020-02-10,SEA,0.0
2597,2020-02-11,SEA,0.0
2598,2020-02-12,SEA,0.03
2599,2020-02-13,SEA,0.0
2600,2020-02-14,SEA,0.1
2601,2020-02-15,SEA,0.07
2602,2020-02-16,SEA,
2603,2020-02-17,SEA,
2604,2020-02-18,SEA,
2605,2020-02-19,SEA,
2606,2020-02-20,SEA,
2607,2020-02-21,SEA,
2608,2020-02-22,SEA,
2609,2020-02-23,SEA,
2610,2020-02-24,SEA,
2611,2020-02-25,SEA,
2612,2020-02-26,SEA,
2613,2020-02-27,SEA,0.01
2614,2020-02-28,SEA,0.0
2615,2020-02-29,SEA,0.12
2616,2020-03-01,SEA,0.01
2617,2020-03-02,SEA,0.02
2618,2020-03-03,SEA,0.12
2619,2020-03-04,SEA,0.01
2620,2020-03-05,SEA,0.0
2621,2020-03-06,SEA,0.71
2622,2020-03-07,SEA,0.12
2623,2020-03-08,SEA,0.23
2624,2020-03-09,SEA,0.02
2625,2020-03-10,SEA,0.0
2626,2020-03-11,SEA,0.07
2627,2020-03-12,SEA,0.02
2628,2020-03-13,SEA,0.1
2629,2020-03-14,SEA,0.29
2630,2020-03-15,SEA,0.0
2631,2020-03-16,SEA,0.0
2632,2020-03-17,SEA,0.0
2633,2020-03-18,SEA,0.0
2634,2020-03-19,SEA,0.0
2635,2020-03-20,SEA,0.0
2636,2020-03-21,SEA,0.0
2637,2020-03-22,SEA,0.0
2638,2020-03-23,SEA,0.0
2639,2020-03-24,SEA,0.0
2640,2020-03-25,SEA,0.34
2641,2020-03-26,SEA,0.03
2642,2020-03-27,SEA,0.02
2643,2020-03-28,SEA,0.03
2644,2020-03-29,SEA,0.64
2645,2020-03-30,SEA,0.35
2646,2020-03-31,SEA,0.49
2647,2020-04-01,SEA,0.1
2648,2020-04-02,SEA,0.01
2649,2020-04-03,SEA,0.0
2650,2020-04-04,SEA,0.02
2651,2020-04-05,SEA,0.0
2652,2020-04-06,SEA,0.0
2653,2020-04-07,SEA,0.0
2654,2020-04-08,SEA,0.0
2655,2020-04-09,SEA,0.0
2656,2020-04-10,SEA,0.0
2657,2020-04-11,SEA,0.0
2658,2020-04-12,SEA,0.0
2659,2020-04-13,SEA,0.0
2660,2020-04-14,SEA,0.0
2661,2020-04-15,SEA,0.0
2662,2020-04-16,SEA,0.0
2663,2020-04-17,SEA,0.0
2664,2020-04-18,SEA,0.02
2665,2020-04-19,SEA,0.05
2666,2020-04-20,SEA,0.0
2667,2020-04-21,SEA,0.0
2668,2020-04-22,SEA,0.03
2669,2020-04-23,SEA,0.82
2670,2020-04-24,SEA,0.11
2671,2020-04-25,SEA,0.12
2672,2020-04-26,SEA,0.2
2673,2020-04-27,SEA,0.19
2674,2020-04-28,SEA,0.01
2675,2020-04-29,SEA,0.01
2676,2020-04-30,SEA,0.04
2677,2020-05-01,SEA,0.01
2678,2020-05-02,SEA,0.06
2679,2020-05-03,SEA,0.19
2680,2020-05-04,SEA,0.0
2681,2020-05-05,SEA,0.0
2682,2020-05-06,SEA,0.01
2683,2020-05-07,SEA,0.02
2684,2020-05-08,SEA,0.0
2685,2020-05-09,SEA,0.0
2686,2020-05-10,SEA,0.0
2687,2020-05-11,SEA,0.0
2688,2020-05-12,SEA,0.06
2689,2020-05-13,SEA,0.03
2690,2020-05-14,SEA,0.06
2691,2020-05-15,SEA,0.13
2692,2020-05-16,SEA,0.02
2693,2020-05-17,SEA,0.66
2694,2020-05-18,SEA,0.02
2695,2020-05-19,SEA,0.0
2696,2020-05-20,SEA,0.0
2697,2020-05-21,SEA,0.32
2698,2020-05-22,SEA,0.17
2699,2020-05-23,SEA,0.45
2700,2020-05-24,SEA,0.0
2701,2020-05-25,SEA,0.06
2702,2020-05-26,SEA,0.1
2703,2020-05-27,SEA,0.02
2704,2020-05-28,SEA,0.0
2705,2020-05-29,SEA,0.0
2706,2020-05-30,SEA,0.0
2707,2020-05-31,SEA,1.29
2708,2020-06-01,SEA,0.04
2709,2020-06-02,SEA,0.0
2710,2020-06-03,SEA,0.02
2711,2020-06-04,SEA,0.0
2712,2020-06-05,SEA,0.0
2713,2020-06-06,SEA,0.0
2714,2020-06-07,SEA,0.04
2715,2020-06-08,SEA,0.05
2716,2020-06-09,SEA,0.1
2717,2020-06-10,SEA,0.21
2718,2020-06-11,SEA,0.03
2719,2020-06-12,SEA,0.17
2720,2020-06-13,SEA,0.25
2721,2020-06-14,SEA,0.04
2722,2020-06-15,SEA,0.08
2723,2020-06-16,SEA,0.09
2724,2020-06-17,SEA,0.01
2725,2020-06-18,SEA,0.0
2726,2020-06-19,SEA,0.0
2727,2020-06-20,SEA,0.01
2728,2020-06-21,SEA,0.06
2729,2020-06-22,SEA,0.0
2730,2020-06-23,SEA,0.0
2731,2020-06-24,SEA,0.0
2732,2020-06-25,SEA,0.0
2733,2020-06-26,SEA,0.0
2734,2020-06-27,SEA,0.01
2735,2020-06-28,SEA,0.54
2736,2020-06-29,SEA,0.01
2737,2020-06-30,SEA,0.04
2738,2020-07-01,SEA,0.07
2739,2020-07-02,SEA,0.03
2740,2020-07-03,SEA,0.01
2741,2020-07-04,SEA,0.0
2742,2020-07-05,SEA,0.0
2743,2020-07-06,SEA,0.0
2744,2020-07-07,SEA,0.0
2745,2020-07-08,SEA,0.0
2746,2020-07-09,SEA,0.01
2747,2020-07-10,SEA,0.01
2748,2020-07-11,SEA,0.01
2749,2020-07-12,SEA,0.03
2750,2020-07-13,SEA,0.05
2751,2020-07-14,SEA,0.0
2752,2020-07-15,SEA,0.0
2753,2020-07-16,SEA,0.0
2754,2020-07-17,SEA,0.04
2755,2020-07-18,SEA,0.02
2756,2020-07-19,SEA,0.0
2757,2020-07-20,SEA,0.0
2758,2020-07-21,SEA,0.0
2759,2020-07-22,SEA,0.03
2760,2020-07-23,SEA,0.0
2761,2020-07-24,SEA,0.0
2762,2020-07-25,SEA,0.0
2763,2020-07-26,SEA,0.0
2764,2020-07-27,SEA,0.0
2765,2020-07-28,SEA,0.0
2766,2020-07-29,SEA,0.0
2767,2020-07-30,SEA,0.0
2768,2020-07-31,SEA,0.0
2769,2020-08-01,SEA,0.0
2770,2020-08-02,SEA,0.0
2771,2020-08-03,SEA,0.0
2772,2020-08-04,SEA,0.0
2773,2020-08-05,SEA,0.0
2774,2020-08-06,SEA,0.05
2775,2020-08-07,SEA,0.28
2776,2020-08-08,SEA,0.02
2777,2020-08-09,SEA,0.03
2778,2020-08-10,SEA,0.0
2779,2020-08-11,SEA,0.0
2780,2020-08-12,SEA,0.0
2781,2020-08-13,SEA,0.0
2782,2020-08-14,SEA,0.0
2783,2020-08-15,SEA,0.0
2784,2020-08-16,SEA,0.0
2785,2020-08-17,SEA,0.0
2786,2020-08-18,SEA,0.0
2787,2020-08-19,SEA,0.0
2788,2020-08-20,SEA,0.04
2789,2020-08-21,SEA,0.05
2790,2020-08-22,SEA,0.03
2791,2020-08-23,SEA,0.0
2792,2020-08-24,SEA,0.0
2793,2020-08-25,SEA,0.0
2794,2020-08-26,SEA,0.0
2795,2020-08-27,SEA,0.0
2796,2020-08-28,SEA,0.0
2797,2020-08-29,SEA,0.0
2798,2020-08-30,SEA,0.0
2799,2020-08-31,SEA,0.02
2800,2020-09-01,SEA,0.0
2801,2020-09-02,SEA,0.0
2802,2020-09-03,SEA,0.0
2803,2020-09-04,SEA,0.0
2804,2020-09-05,SEA,0.0
2805,2020-09-06,SEA,0.0
2806,2020-09-07,SEA,0.0
2807,2020-09-08,SEA,0.0
2808,2020-09-09,SEA,0.0
2809,2020-09-10,SEA,0.0
2810,2020-09-11,SEA,0.0
2811,2020-09-12,SEA,0.0
2812,2020-09-13,SEA,0.0
2813,2020-09-14,SEA,0.0
2814,2020-09-15,SEA,0.1
2815,2020-09-16,SEA,0.02
2816,2020-09-17,SEA,0.0
2817,2020-09-18,SEA,0.0
2818,2020-09-19,SEA,
2819,2020-09-20,SEA,
2820,2020-09-21,SEA,
2821,2020-09-22,SEA,
2822,2020-09-23,SEA,
2823,2020-09-24,SEA,
2824,2020-09-25,SEA,
2825,2020-09-26,SEA,
2826,2020-09-27,SEA,
2827,2020-09-28,SEA,
2828,2020-09-29,SEA,0.0
2829,2020-09-30,SEA,0.0
2830,2020-10-01,SEA,0.0
2831,2020-10-02,SEA,0.0
2832,2020-10-03,SEA,0.01
2833,2020-10-04,SEA,0.06
2834,2020-10-05,SEA,0.02
2835,2020-10-06,SEA,0.0
2836,2020-10-07,SEA,0.0
2837,2020-10-08,SEA,0.02
2838,2020-10-09,SEA,0.0
2839,2020-10-10,SEA,0.99
2840,2020-10-11,SEA,0.03
2841,2020-10-12,SEA,0.58
2842,2020-10-13,SEA,0.61
2843,2020-10-14,SEA,0.02
2844,2020-10-15,SEA,0.0
2845,2020-10-16,SEA,0.0
2846,2020-10-17,SEA,0.24
2847,2020-10-18,SEA,0.02
2848,2020-10-19,SEA,0.14
2849,2020-10-20,SEA,0.23
2850,2020-10-21,SEA,0.12
2851,2020-10-22,SEA,0.43
2852,2020-10-23,SEA,0.05
2853,2020-10-24,SEA,0.12
2854,2020-10-25,SEA,0.02
2855,2020-10-26,SEA,0.01
2856,2020-10-27,SEA,0.0
2857,2020-10-28,SEA,0.0
2858,2020-10-29,SEA,0.03
2859,2020-10-30,SEA,0.03
2860,2020-10-31,SEA,0.0
2861,2020-11-01,SEA,0.0
2862,2020-11-02,SEA,0.0
2863,2020-11-03,SEA,0.09
2864,2020-11-04,SEA,0.78
2865,2020-11-05,SEA,0.2
2866,2020-11-06,SEA,0.15
2867,2020-11-07,SEA,0.03
2868,2020-11-08,SEA,0.02
2869,2020-11-09,SEA,0.0
2870,2020-11-10,SEA,0.11
2871,2020-11-11,SEA,0.03
2872,2020-11-12,SEA,0.0
2873,2020-11-13,SEA,0.96
2874,2020-11-14,SEA,0.02
2875,2020-11-15,SEA,0.46
2876,2020-11-16,SEA,0.06
2877,2020-11-17,SEA,0.64
2878,2020-11-18,SEA,0.55
2879,2020-11-19,SEA,0.29
2880,2020-11-20,SEA,0.06
2881,2020-11-21,SEA,0.03
2882,2020-11-22,SEA,0.0
2883,2020-11-23,SEA,0.2
2884,2020-11-24,SEA,0.07
2885,2020-11-25,SEA,0.16
2886,2020-11-26,SEA,0.04
2887,2020-11-27,SEA,0.03
2888,2020-11-28,SEA,0.09
2889,2020-11-29,SEA,0.05
2890,2020-11-30,SEA,0.45
2891,2020-12-01,SEA,0.0
2892,2020-12-02,SEA,0.0
2893,2020-12-03,SEA,0.0
2894,2020-12-04,SEA,0.0
2895,2020-12-05,SEA,0.0
2896,2020-12-06,SEA,0.01
2897,2020-12-07,SEA,0.0
2898,2020-12-08,SEA,0.07
2899,2020-12-09,SEA,0.58
2900,2020-12-10,SEA,0.0
2901,2020-12-11,SEA,0.03
2902,2020-12-12,SEA,0.0
2903,2020-12-13,SEA,0.07
2904,2020-12-14,SEA,0.19
2905,2020-12-15,SEA,0.24
2906,2020-12-16,SEA,0.06
2907,2020-12-17,SEA,0.52
2908,2020-12-18,SEA,0.11
2909,2020-12-19,SEA,0.08
2910,2020-12-20,SEA,0.37
2911,2020-12-21,SEA,0.64
2912,2020-12-22,SEA,2.42
2913,2020-12-23,SEA,0.0
2914,2020-12-24,SEA,0.0
2915,2020-12-25,SEA,0.03
2916,2020-12-26,SEA,0.48
2917,2020-12-27,SEA,0.11
2918,2020-12-28,SEA,0.14
2919,2020-12-29,SEA,0.03
2920,2020-12-30,SEA,0.48
2921,2020-12-31,SEA,0.5
2922,2021-01-01,SEA,0.11
2923,2021-01-02,SEA,0.42
2924,2021-01-03,SEA,1.6
2925,2021-01-04,SEA,0.65
2926,2021-01-05,SEA,0.36
2927,2021-01-06,SEA,1.05
2928,2021-01-07,SEA,0.0
2929,2021-01-08,SEA,0.1
2930,2021-01-09,SEA,0.2
2931,2021-01-10,SEA,0.1
2932,2021-01-11,SEA,0.03
2933,2021-01-12,SEA,1.72
2934,2021-01-13,SEA,0.98
2935,2021-01-14,SEA,0.0
2936,2021-01-15,SEA,0.19
2937,2021-01-16,SEA,0.02
2938,2021-01-17,SEA,0.05
2939,2021-01-18,SEA,0.0
2940,2021-01-19,SEA,0.0
2941,2021-01-20,SEA,0.0
2942,2021-01-21,SEA,0.05
2943,2021-01-22,SEA,0.02
2944,2021-01-23,SEA,0.0
2945,2021-01-24,SEA,0.08
2946,2021-01-25,SEA,0.16
2947,2021-01-26,SEA,0.0
2948,2021-01-27,SEA,0.09
2949,2021-01-28,SEA,0.21
2950,2021-01-29,SEA,0.17
2951,2021-01-30,SEA,0.12
2952,2021-01-31,SEA,0.21
2953,2021-02-01,SEA,0.47
2954,2021-02-02,SEA,0.72
2955,2021-02-03,SEA,0.42
2956,2021-02-04,SEA,0.03
2957,2021-02-05,SEA,0.11
2958,2021-02-06,SEA,0.05
2959,2021-02-07,SEA,0.07
2960,2021-02-08,SEA,0.18
2961,2021-02-09,SEA,0.02
2962,2021-02-10,SEA,0.0
2963,2021-02-11,SEA,0.0
2964,2021-02-12,SEA,0.05
2965,2021-02-13,SEA,0.93
2966,2021-02-14,SEA,0.41
2967,2021-02-15,SEA,0.6
2968,2021-02-16,SEA,0.13
2969,2021-02-17,SEA,0.02
2970,2021-02-18,SEA,0.0
2971,2021-02-19,SEA,0.08
2972,2021-02-20,SEA,
2973,2021-02-21,SEA,
2974,2021-02-22,SEA,
2975,2021-02-23,SEA,
2976,2021-02-24,SEA,0.19
2977,2021-02-25,SEA,0.14
2978,2021-02-26,SEA,0.01
2979,2021-02-27,SEA,0.14
2980,2021-02-28,SEA,0.02
2981,2021-03-01,SEA,0.0
2982,2021-03-02,SEA,0.01
2983,2021-03-03,SEA,
2984,2021-03-04,SEA,
2985,2021-03-05,SEA,0.4
2986,2021-03-06,SEA,
2987,2021-03-07,SEA,
2988,2021-03-08,SEA,
2989,2021-03-09,SEA,0.0
2990,2021-03-10,SEA,0.0
2991,2021-03-11,SEA,0.0
2992,2021-03-12,SEA,0.0
2993,2021-03-13,SEA,0.0
2994,2021-03-14,SEA,0.0
2995,2021-03-15,SEA,0.32
2996,2021-03-16,SEA,0.0
2997,2021-03-17,SEA,0.0
2998,2021-03-18,SEA,0.0
2999,2021-03-19,SEA,0.21
3000,2021-03-20,SEA,
3001,2021-03-21,SEA,
3002,2021-03-22,SEA,0.32
3003,2021-03-23,SEA,0.06
3004,2021-03-24,SEA,
3005,2021-03-25,SEA,
3006,2021-03-26,SEA,
3007,2021-03-27,SEA,
3008,2021-03-28,SEA,
3009,2021-03-29,SEA,0.34
3010,2021-03-30,SEA,0.01
3011,2021-03-31,SEA,
3012,2021-04-01,SEA,
3013,2021-04-02,SEA,
3014,2021-04-03,SEA,
3015,2021-04-04,SEA,
3016,2021-04-05,SEA,
3017,2021-04-06,SEA,0.0
3018,2021-04-07,SEA,0.0
3019,2021-04-08,SEA,0.13
3020,2021-04-09,SEA,0.0
3021,2021-04-10,SEA,0.02
3022,2021-04-11,SEA,0.0
3023,2021-04-12,SEA,0.0
3024,2021-04-13,SEA,0.0
3025,2021-04-14,SEA,0.0
3026,2021-04-15,SEA,0.0
3027,2021-04-16,SEA,0.0
3028,2021-04-17,SEA,0.0
3029,2021-04-18,SEA,0.0
3030,2021-04-19,SEA,0.0
3031,2021-04-20,SEA,0.0
3032,2021-04-21,SEA,0.0
3033,2021-04-22,SEA,0.0
3034,2021-04-23,SEA,0.0
3035,2021-04-24,SEA,0.08
3036,2021-04-25,SEA,0.5
3037,2021-04-26,SEA,0.15
3038,2021-04-27,SEA,0.01
3039,2021-04-28,SEA,0.0
3040,2021-04-29,SEA,0.0
3041,2021-04-30,SEA,0.1
3042,2021-05-01,SEA,0.03
3043,2021-05-02,SEA,0.01
3044,2021-05-03,SEA,0.0
3045,2021-05-04,SEA,0.29
3046,2021-05-05,SEA,0.0
3047,2021-05-06,SEA,0.0
3048,2021-05-07,SEA,0.0
3049,2021-05-08,SEA,0.17
3050,2021-05-09,SEA,0.01
3051,2021-05-10,SEA,0.0
3052,2021-05-11,SEA,0.0
3053,2021-05-12,SEA,0.0
3054,2021-05-13,SEA,0.0
3055,2021-05-14,SEA,0.0
3056,2021-05-15,SEA,0.0
3057,2021-05-16,SEA,0.0
3058,2021-05-17,SEA,0.0
3059,2021-05-18,SEA,0.05
3060,2021-05-19,SEA,0.12
3061,2021-05-20,SEA,0.01
3062,2021-05-21,SEA,0.0
3063,2021-05-22,SEA,0.0
3064,2021-05-23,SEA,0.0
3065,2021-05-24,SEA,0.07
3066,2021-05-25,SEA,0.04
3067,2021-05-26,SEA,0.01
3068,2021-05-27,SEA,0.17
3069,2021-05-28,SEA,0.19
3070,2021-05-29,SEA,0.0
3071,2021-05-30,SEA,0.0
3072,2021-05-31,SEA,0.0
3073,2021-06-01,SEA,0.0
3074,2021-06-02,SEA,0.0
3075,2021-06-03,SEA,0.0
3076,2021-06-04,SEA,0.0
3077,2021-06-05,SEA,0.05
3078,2021-06-06,SEA,0.0
3079,2021-06-07,SEA,0.73
3080,2021-06-08,SEA,0.0
3081,2021-06-09,SEA,0.0
3082,2021-06-10,SEA,0.0
3083,2021-06-11,SEA,0.0
3084,2021-06-12,SEA,0.34
3085,2021-06-13,SEA,0.34
3086,2021-06-14,SEA,0.6
3087,2021-06-15,SEA,0.07
3088,2021-06-16,SEA,0.0
3089,2021-06-17,SEA,0.0
3090,2021-06-18,SEA,0.0
3091,2021-06-19,SEA,0.0
3092,2021-06-20,SEA,0.0
3093,2021-06-21,SEA,0.0
3094,2021-06-22,SEA,0.0
3095,2021-06-23,SEA,0.0
3096,2021-06-24,SEA,0.0
3097,2021-06-25,SEA,0.0
3098,2021-06-26,SEA,0.0
3099,2021-06-27,SEA,0.0
3100,2021-06-28,SEA,0.0
3101,2021-06-29,SEA,0.0
3102,2021-06-30,SEA,0.0
3103,2021-07-01,SEA,0.0
3104,2021-07-02,SEA,0.0
3105,2021-07-03,SEA,0.0
3106,2021-07-04,SEA,0.0
3107,2021-07-05,SEA,0.0
3108,2021-07-06,SEA,0.0
3109,2021-07-07,SEA,0.0
3110,2021-07-08,SEA,0.0
3111,2021-07-09,SEA,0.0
3112,2021-07-10,SEA,0.0
3113,2021-07-11,SEA,0.0
3114,2021-07-12,SEA,0.0
3115,2021-07-13,SEA,0.0
3116,2021-07-14,SEA,0.0
3117,2021-07-15,SEA,0.0
3118,2021-07-16,SEA,0.0
3119,2021-07-17,SEA,0.0
3120,2021-07-18,SEA,0.0
3121,2021-07-19,SEA,0.0
3122,2021-07-20,SEA,0.02
3123,2021-07-21,SEA,0.0
3124,2021-07-22,SEA,0.0
3125,2021-07-23,SEA,0.0
3126,2021-07-24,SEA,0.0
3127,2021-07-25,SEA,0.0
3128,2021-07-26,SEA,0.0
3129,2021-07-27,SEA,0.0
3130,2021-07-28,SEA,0.0
3131,2021-07-29,SEA,0.0
3132,2021-07-30,SEA,0.0
3133,2021-07-31,SEA,
3134,2021-08-01,SEA,
3135,2021-08-02,SEA,
3136,2021-08-03,SEA,0.0
3137,2021-08-04,SEA,0.02
3138,2021-08-05,SEA,0.0
3139,2021-08-06,SEA,0.06
3140,2021-08-07,SEA,0.01
3141,2021-08-08,SEA,0.04
3142,2021-08-09,SEA,0.01
3143,2021-08-10,SEA,0.0
3144,2021-08-11,SEA,0.0
3145,2021-08-12,SEA,0.0
3146,2021-08-13,SEA,0.0
3147,2021-08-14,SEA,
3148,2021-08-15,SEA,
3149,2021-08-16,SEA,
3150,2021-08-17,SEA,
3151,2021-08-18,SEA,
3152,2021-08-19,SEA,
3153,2021-08-20,SEA,
3154,2021-08-21,SEA,
3155,2021-08-22,SEA,
3156,2021-08-23,SEA,
3157,2021-08-24,SEA,
3158,2021-08-25,SEA,
3159,2021-08-26,SEA,
3160,2021-08-27,SEA,
3161,2021-08-28,SEA,
3162,2021-08-29,SEA,
3163,2021-08-30,SEA,
3164,2021-08-31,SEA,0.02
3165,2021-09-01,SEA,0.0
3166,2021-09-02,SEA,0.0
3167,2021-09-03,SEA,0.0
3168,2021-09-04,SEA,0.0
3169,2021-09-05,SEA,0.0
3170,2021-09-06,SEA,0.02
3171,2021-09-07,SEA,0.0
3172,2021-09-08,SEA,0.01
3173,2021-09-09,SEA,0.0
3174,2021-09-10,SEA,0.0
3175,2021-09-11,SEA,0.03
3176,2021-09-12,SEA,0.03
3177,2021-09-13,SEA,0.02
3178,2021-09-14,SEA,0.0
3179,2021-09-15,SEA,0.0
3180,2021-09-16,SEA,0.0
3181,2021-09-17,SEA,0.03
3182,2021-09-18,SEA,0.85
3183,2021-09-19,SEA,0.3
3184,2021-09-20,SEA,0.13
3185,2021-09-21,SEA,0.0
3186,2021-09-22,SEA,0.0
3187,2021-09-23,SEA,0.0
3188,2021-09-24,SEA,0.0
3189,2021-09-25,SEA,0.0
3190,2021-09-26,SEA,0.0
3191,2021-09-27,SEA,0.71
3192,2021-09-28,SEA,0.34
3193,2021-09-29,SEA,0.02
3194,2021-09-30,SEA,0.22
3195,2021-10-01,SEA,0.28
3196,2021-10-02,SEA,0.0
3197,2021-10-03,SEA,0.0
3198,2021-10-04,SEA,0.0
3199,2021-10-05,SEA,0.19
3200,2021-10-06,SEA,0.13
3201,2021-10-07,SEA,0.0
3202,2021-10-08,SEA,0.0
3203,2021-10-09,SEA,0.0
3204,2021-10-10,SEA,0.14
3205,2021-10-11,SEA,0.12
3206,2021-10-12,SEA,0.0
3207,2021-10-13,SEA,0.05
3208,2021-10-14,SEA,0.06
3209,2021-10-15,SEA,0.02
3210,2021-10-16,SEA,0.02
3211,2021-10-17,SEA,0.0
3212,2021-10-18,SEA,0.02
3213,2021-10-19,SEA,0.0
3214,2021-10-20,SEA,0.19
3215,2021-10-21,SEA,0.07
3216,2021-10-22,SEA,0.64
3217,2021-10-23,SEA,0.03
3218,2021-10-24,SEA,0.19
3219,2021-10-25,SEA,0.32
3220,2021-10-26,SEA,0.14
3221,2021-10-27,SEA,0.1
3222,2021-10-28,SEA,0.49
3223,2021-10-29,SEA,2.0
3224,2021-10-30,SEA,0.08
3225,2021-10-31,SEA,0.0
3226,2021-11-01,SEA,0.0
3227,2021-11-02,SEA,0.12
3228,2021-11-03,SEA,0.18
3229,2021-11-04,SEA,0.61
3230,2021-11-05,SEA,0.57
3231,2021-11-06,SEA,0.04
3232,2021-11-07,SEA,0.64
3233,2021-11-08,SEA,0.23
3234,2021-11-09,SEA,0.31
3235,2021-11-10,SEA,0.38
3236,2021-11-11,SEA,0.14
3237,2021-11-12,SEA,1.06
3238,2021-11-13,SEA,0.4
3239,2021-11-14,SEA,0.59
3240,2021-11-15,SEA,0.59
3241,2021-11-16,SEA,0.3
3242,2021-11-17,SEA,0.02
3243,2021-11-18,SEA,0.0
3244,2021-11-19,SEA,0.52
3245,2021-11-20,SEA,0.1
3246,2021-11-21,SEA,0.0
3247,2021-11-22,SEA,0.0
3248,2021-11-23,SEA,0.53
3249,2021-11-24,SEA,0.02
3250,2021-11-25,SEA,0.22
3251,2021-11-26,SEA,0.55
3252,2021-11-27,SEA,0.04
3253,2021-11-28,SEA,0.42
3254,2021-11-29,SEA,0.14
3255,2021-11-30,SEA,0.04
3256,2021-12-01,SEA,0.03
3257,2021-12-02,SEA,0.09
3258,2021-12-03,SEA,0.22
3259,2021-12-04,SEA,0.15
3260,2021-12-05,SEA,0.34
3261,2021-12-06,SEA,0.02
3262,2021-12-07,SEA,0.14
3263,2021-12-08,SEA,0.04
3264,2021-12-09,SEA,0.07
3265,2021-12-10,SEA,0.02
3266,2021-12-11,SEA,0.83
3267,2021-12-12,SEA,0.09
3268,2021-12-13,SEA,0.37
3269,2021-12-14,SEA,0.1
3270,2021-12-15,SEA,0.12
3271,2021-12-16,SEA,0.11
3272,2021-12-17,SEA,0.04
3273,2021-12-18,SEA,0.54
3274,2021-12-19,SEA,0.33
3275,2021-12-20,SEA,0.02
3276,2021-12-21,SEA,0.02
3277,2021-12-22,SEA,0.4
3278,2021-12-23,SEA,0.56
3279,2021-12-24,SEA,0.16
3280,2021-12-25,SEA,0.22
3281,2021-12-26,SEA,0.32
3282,2021-12-27,SEA,0.11
3283,2021-12-28,SEA,0.02
3284,2021-12-29,SEA,0.0
3285,2021-12-30,SEA,0.18
3286,2021-12-31,SEA,0.01
3287,2022-01-01,SEA,0.0
3288,2022-01-02,SEA,0.0
3289,2022-01-03,SEA,1.97
3290,2022-01-04,SEA,0.28
3291,2022-01-05,SEA,0.13
3292,2022-01-06,SEA,0.82
3293,2022-01-07,SEA,1.72
3294,2022-01-08,SEA,0.62
3295,2022-01-09,SEA,0.0
3296,2022-01-10,SEA,0.12
3297,2022-01-11,SEA,0.7
3298,2022-01-12,SEA,0.52
3299,2022-01-13,SEA,0.28
3300,2022-01-14,SEA,0.02
3301,2022-01-15,SEA,0.01
3302,2022-01-16,SEA,0.01
3303,2022-01-17,SEA,0.0
3304,2022-01-18,SEA,0.02
3305,2022-01-19,SEA,0.04
3306,2022-01-20,SEA,0.1
3307,2022-01-21,SEA,0.13
3308,2022-01-22,SEA,0.0
3309,2022-01-23,SEA,0.0
3310,2022-01-24,SEA,0.0
3311,2022-01-25,SEA,0.0
3312,2022-01-26,SEA,0.0
3313,2022-01-27,SEA,0.0
3314,2022-01-28,SEA,0.0
3315,2022-01-29,SEA,0.0
3316,2022-01-30,SEA,0.01
3317,2022-01-31,SEA,0.28
3318,2022-02-01,SEA,0.01
3319,2022-02-02,SEA,0.03
3320,2022-02-03,SEA,0.09
3321,2022-02-04,SEA,0.04
3322,2022-02-05,SEA,0.02
3323,2022-02-06,SEA,0.01
3324,2022-02-07,SEA,0.0
3325,2022-02-08,SEA,0.01
3326,2022-02-09,SEA,0.02
3327,2022-02-10,SEA,0.03
3328,2022-02-11,SEA,0.02
3329,2022-02-12,SEA,0.0
3330,2022-02-13,SEA,0.0
3331,2022-02-14,SEA,0.04
3332,2022-02-15,SEA,0.14
3333,2022-02-16,SEA,0.02
3334,2022-02-17,SEA,0.0
3335,2022-02-18,SEA,0.0
3336,2022-02-19,SEA,0.03
3337,2022-02-20,SEA,0.14
3338,2022-02-21,SEA,0.19
3339,2022-02-22,SEA,0.06
3340,2022-02-23,SEA,0.0
3341,2022-02-24,SEA,0.0
3342,2022-02-25,SEA,0.0
3343,2022-02-26,SEA,0.0
3344,2022-02-27,SEA,0.61
3345,2022-02-28,SEA,1.89
3346,2022-03-01,SEA,1.03
3347,2022-03-02,SEA,0.01
3348,2022-03-03,SEA,0.32
3349,2022-03-04,SEA,0.04
3350,2022-03-05,SEA,0.04
3351,2022-03-06,SEA,0.0
3352,2022-03-07,SEA,0.0
3353,2022-03-08,SEA,0.11
3354,2022-03-09,SEA,0.05
3355,2022-03-10,SEA,0.0
3356,2022-03-11,SEA,0.0
3357,2022-03-12,SEA,0.0
3358,2022-03-13,SEA,0.1
3359,2022-03-14,SEA,0.05
3360,2022-03-15,SEA,0.52
3361,2022-03-16,SEA,0.06
3362,2022-03-17,SEA,0.0
3363,2022-03-18,SEA,
3364,2022-03-19,SEA,
3365,2022-03-20,SEA,
3366,2022-03-21,SEA,
3367,2022-03-22,SEA,
3368,2022-03-23,SEA,
3369,2022-03-24,SEA,
3370,2022-03-25,SEA,
3371,2022-03-26,SEA,
3372,2022-03-27,SEA,
3373,2022-03-28,SEA,0.0
3374,2022-03-29,SEA,0.0
3375,2022-03-30,SEA,0.0
3376,2022-03-31,SEA,0.25
3377,2022-04-01,SEA,0.0
3378,2022-04-02,SEA,0.1
3379,2022-04-03,SEA,0.02
3380,2022-04-04,SEA,0.88
3381,2022-04-05,SEA,0.08
3382,2022-04-06,SEA,0.01
3383,2022-04-07,SEA,0.0
3384,2022-04-08,SEA,0.05
3385,2022-04-09,SEA,0.01
3386,2022-04-10,SEA,0.48
3387,2022-04-11,SEA,0.07
3388,2022-04-12,SEA,0.0
3389,2022-04-13,SEA,0.0
3390,2022-04-14,SEA,0.0
3391,2022-04-15,SEA,0.02
3392,2022-04-16,SEA,0.0
3393,2022-04-17,SEA,0.14
3394,2022-04-18,SEA,0.08
3395,2022-04-19,SEA,0.31
3396,2022-04-20,SEA,0.01
3397,2022-04-21,SEA,0.18
3398,2022-04-22,SEA,0.38
3399,2022-04-23,SEA,0.02
3400,2022-04-24,SEA,0.0
3401,2022-04-25,SEA,0.16
3402,2022-04-26,SEA,0.01
3403,2022-04-27,SEA,0.03
3404,2022-04-28,SEA,0.02
3405,2022-04-29,SEA,0.0
3406,2022-04-30,SEA,0.36
3407,2022-05-01,SEA,0.05
3408,2022-05-02,SEA,0.3
3409,2022-05-03,SEA,0.12
3410,2022-05-04,SEA,0.01
3411,2022-05-05,SEA,0.04
3412,2022-05-06,SEA,0.34
3413,2022-05-07,SEA,0.55
3414,2022-05-08,SEA,0.04
3415,2022-05-09,SEA,0.01
3416,2022-05-10,SEA,0.03
3417,2022-05-11,SEA,0.01
3418,2022-05-12,SEA,0.05
3419,2022-05-13,SEA,0.48
3420,2022-05-14,SEA,0.11
3421,2022-05-15,SEA,0.1
3422,2022-05-16,SEA,0.66
3423,2022-05-17,SEA,0.02
3424,2022-05-18,SEA,0.17
3425,2022-05-19,SEA,0.1
3426,2022-05-20,SEA,0.0
3427,2022-05-21,SEA,0.0
3428,2022-05-22,SEA,0.0
3429,2022-05-23,SEA,0.0
3430,2022-05-24,SEA,0.0
3431,2022-05-25,SEA,0.03
3432,2022-05-26,SEA,0.0
3433,2022-05-27,SEA,0.12
3434,2022-05-28,SEA,0.03
3435,2022-05-29,SEA,0.34
3436,2022-05-30,SEA,0.39
3437,2022-05-31,SEA,0.08
3438,2022-06-01,SEA,0.0
3439,2022-06-02,SEA,0.04
3440,2022-06-03,SEA,0.21
3441,2022-06-04,SEA,0.11
3442,2022-06-05,SEA,0.61
3443,2022-06-06,SEA,0.28
3444,2022-06-07,SEA,0.0
3445,2022-06-08,SEA,0.01
3446,2022-06-09,SEA,0.08
3447,2022-06-10,SEA,1.07
3448,2022-06-11,SEA,0.13
3449,2022-06-12,SEA,0.07
3450,2022-06-13,SEA,0.25
3451,2022-06-14,SEA,0.1
3452,2022-06-15,SEA,0.0
3453,2022-06-16,SEA,0.03
3454,2022-06-17,SEA,0.01
3455,2022-06-18,SEA,0.14
3456,2022-06-19,SEA,0.04
3457,2022-06-20,SEA,0.0
3458,2022-06-21,SEA,0.0
3459,2022-06-22,SEA,0.03
3460,2022-06-23,SEA,0.03
3461,2022-06-24,SEA,0.0
3462,2022-06-25,SEA,0.0
3463,2022-06-26,SEA,0.0
3464,2022-06-27,SEA,0.0
3465,2022-06-28,SEA,0.0
3466,2022-06-29,SEA,0.0
3467,2022-06-30,SEA,0.0
3468,2022-07-01,SEA,0.0
3469,2022-07-02,SEA,0.0
3470,2022-07-03,SEA,0.02
3471,2022-07-04,SEA,0.12
3472,2022-07-05,SEA,0.05
3473,2022-07-06,SEA,0.06
3474,2022-07-07,SEA,0.04
3475,2022-07-08,SEA,0.0
3476,2022-07-09,SEA,0.0
3477,2022-07-10,SEA,0.0
3478,2022-07-11,SEA,0.0
3479,2022-07-12,SEA,0.0
3480,2022-07-13,SEA,0.0
3481,2022-07-14,SEA,0.0
3482,2022-07-15,SEA,0.0
3483,2022-07-16,SEA,0.0
3484,2022-07-17,SEA,0.0
3485,2022-07-18,SEA,0.02
3486,2022-07-19,SEA,0.0
3487,2022-07-20,SEA,0.0
3488,2022-07-21,SEA,0.0
3489,2022-07-22,SEA,0.0
3490,2022-07-23,SEA,0.0
3491,2022-07-24,SEA,0.0
3492,2022-07-25,SEA,0.0
3493,2022-07-26,SEA,0.0
3494,2022-07-27,SEA,0.0
3495,2022-07-28,SEA,0.0
3496,2022-07-29,SEA,0.0
3497,2022-07-30,SEA,0.0
3498,2022-07-31,SEA,0.0
3499,2022-08-01,SEA,0.0
3500,2022-08-02,SEA,0.0
3501,2022-08-03,SEA,0.0
3502,2022-08-04,SEA,0.0
3503,2022-08-05,SEA,0.07
3504,2022-08-06,SEA,0.0
3505,2022-08-07,SEA,0.0
3506,2022-08-08,SEA,0.0
3507,2022-08-09,SEA,0.0
3508,2022-08-10,SEA,0.01
3509,2022-08-11,SEA,0.05
3510,2022-08-12,SEA,0.0
3511,2022-08-13,SEA,0.0
3512,2022-08-14,SEA,0.0
3513,2022-08-15,SEA,0.0
3514,2022-08-16,SEA,0.0
3515,2022-08-17,SEA,0.0
3516,2022-08-18,SEA,0.0
3517,2022-08-19,SEA,0.01
3518,2022-08-20,SEA,0.05
3519,2022-08-21,SEA,0.0
3520,2022-08-22,SEA,0.0
3521,2022-08-23,SEA,0.0
3522,2022-08-24,SEA,0.0
3523,2022-08-25,SEA,0.0
3524,2022-08-26,SEA,0.0
3525,2022-08-27,SEA,0.05
3526,2022-08-28,SEA,0.0
3527,2022-08-29,SEA,0.0
3528,2022-08-30,SEA,0.0
3529,2022-08-31,SEA,0.0
3530,2022-09-01,SEA,0.0
3531,2022-09-02,SEA,0.0
3532,2022-09-03,SEA,0.02
3533,2022-09-04,SEA,0.03
3534,2022-09-05,SEA,0.02
3535,2022-09-06,SEA,0.0
3536,2022-09-07,SEA,0.0
3537,2022-09-08,SEA,0.0
3538,2022-09-09,SEA,0.0
3539,2022-09-10,SEA,0.0
3540,2022-09-11,SEA,0.0
3541,2022-09-12,SEA,0.0
3542,2022-09-13,SEA,0.0
3543,2022-09-14,SEA,0.0
3544,2022-09-15,SEA,0.0
3545,2022-09-16,SEA,0.0
3546,2022-09-17,SEA,0.0
3547,2022-09-18,SEA,0.0
3548,2022-09-19,SEA,0.0
3549,2022-09-20,SEA,0.0
3550,2022-09-21,SEA,0.0
3551,2022-09-22,SEA,0.0
3552,2022-09-23,SEA,0.0
3553,2022-09-24,SEA,0.0
3554,2022-09-25,SEA,0.0
3555,2022-09-26,SEA,0.0
3556,2022-09-27,SEA,0.0
3557,2022-09-28,SEA,0.0
3558,2022-09-29,SEA,0.03
3559,2022-09-30,SEA,0.0
3560,2022-10-01,SEA,0.0
3561,2022-10-02,SEA,0.0
3562,2022-10-03,SEA,0.0
3563,2022-10-04,SEA,0.0
3564,2022-10-05,SEA,0.01
3565,2022-10-06,SEA,0.0
3566,2022-10-07,SEA,0.0
3567,2022-10-08,SEA,0.0
3568,2022-10-09,SEA,0.0
3569,2022-10-10,SEA,0.0
3570,2022-10-11,SEA,0.0
3571,2022-10-12,SEA,0.0
3572,2022-10-13,SEA,0.0
3573,2022-10-14,SEA,0.0
3574,2022-10-15,SEA,0.0
3575,2022-10-16,SEA,0.0
3576,2022-10-17,SEA,0.0
3577,2022-10-18,SEA,0.0
3578,2022-10-19,SEA,0.0
3579,2022-10-20,SEA,0.0
3580,2022-10-21,SEA,0.0
3581,2022-10-22,SEA,0.42
3582,2022-10-23,SEA,0.27
3583,2022-10-24,SEA,0.1
3584,2022-10-25,SEA,0.11
3585,2022-10-26,SEA,0.41
3586,2022-10-27,SEA,0.01
3587,2022-10-28,SEA,0.58
3588,2022-10-29,SEA,0.02
3589,2022-10-30,SEA,0.02
3590,2022-10-31,SEA,0.9
3591,2022-11-01,SEA,0.02
3592,2022-11-02,SEA,0.28
3593,2022-11-03,SEA,0.23
3594,2022-11-04,SEA,0.37
3595,2022-11-05,SEA,0.02
3596,2022-11-06,SEA,0.9
3597,2022-11-07,SEA,0.21
3598,2022-11-08,SEA,0.25
3599,2022-11-09,SEA,0.01
3600,2022-11-10,SEA,0.0
3601,2022-11-11,SEA,0.0
3602,2022-11-12,SEA,0.0
3603,2022-11-13,SEA,0.0
3604,2022-11-14,SEA,0.0
3605,2022-11-15,SEA,0.0
3606,2022-11-16,SEA,0.0
3607,2022-11-17,SEA,0.0
3608,2022-11-18,SEA,0.0
3609,2022-11-19,SEA,0.0
3610,2022-11-20,SEA,0.0
3611,2022-11-21,SEA,0.01
3612,2022-11-22,SEA,0.17
3613,2022-11-23,SEA,0.98
3614,2022-11-24,SEA,0.0
3615,2022-11-25,SEA,0.22
3616,2022-11-26,SEA,0.7
3617,2022-11-27,SEA,0.26
3618,2022-11-28,SEA,0.07
3619,2022-11-29,SEA,0.02
3620,2022-11-30,SEA,1.26
3621,2022-12-01,SEA,0.07
3622,2022-12-02,SEA,0.0
3623,2022-12-03,SEA,0.72
3624,2022-12-04,SEA,0.0
3625,2022-12-05,SEA,0.2
3626,2022-12-06,SEA,0.01
3627,2022-12-07,SEA,0.04
3628,2022-12-08,SEA,0.29
3629,2022-12-09,SEA,0.1
3630,2022-12-10,SEA,0.9
3631,2022-12-11,SEA,0.29
3632,2022-12-12,SEA,0.07
3633,2022-12-13,SEA,0.05
3634,2022-12-14,SEA,0.01
3635,2022-12-15,SEA,0.0
3636,2022-12-16,SEA,0.0
3637,2022-12-17,SEA,0.01
3638,2022-12-18,SEA,0.06
3639,2022-12-19,SEA,0.08
3640,2022-12-20,SEA,0.25
3641,2022-12-21,SEA,0.31
3642,2022-12-22,SEA,0.03
3643,2022-12-23,SEA,0.27
3644,2022-12-24,SEA,0.52
3645,2022-12-25,SEA,0.86
3646,2022-12-26,SEA,1.37
3647,2022-12-27,SEA,0.78
3648,2022-12-28,SEA,0.4
3649,2022-12-29,SEA,0.03
3650,2022-12-30,SEA,0.62
3651,2022-12-31,SEA,0.17
